Product,Model,Question, Answer ,,,,,,,,,,,,,,,,,,,
BCAA,BCAA타우린7000+,bcaa 복용 방법 문의,"익스트림 BCAA 제품은 운동 중 혹은 운동 후, 동봉 되어 있는 스쿱으로 1스쿱(10g)을 300~400ml의 물과 함께 희석시켜 섭취하시는 방법으로 간편하게 섭취가 가능합니다.
고강도의 운동을 하고 계신다면 운동 컨디션 향상에 도움을 줄 수 있습니다 .",,,,,,,,,,,,,,,,,,,
BCAA,BCAA타우린7000+,1스쿱당 함유량 문의,"1회 복용 기준 BCAA 6000mg, 타우린 1000mg 함유되어 있으며 개인의 체질과 몸의 컨디션에 따라 몸의 흡수는 차이가 있을 수 있습니다.",,,,,,,,,,,,,,,,,,,
BCAA,BCAA타우린7000+,OPTIMA BCAA 타우린 7000+ 노란색 덩어리짐 발생,"BCAA 제품 원료 중 '사과산'이 보관시에 다른원료와 혼합되어 덩어리가 지면서 분말이 굳는 현상으로 보입니다. 
습한 환경에 노출될 시 해당 현상이 발생될 수 있으며 제품의 품질에는 이상이 없는것으로 판단됩니다. 가급적 직사광선을 피해 서늘한 곳에 보관하여 주시길 권장 드립니다 :)",,,,,,,,,,,,,,,,,,,
스쿱 리뉴얼,OPTIMA BCAA 타우린,스푼 리뉴얼 후 스푼크기로 인한 섭취량 변경있는지,"*스푼크기변동 
- 바이오셀 : 1스쿱을 듬뿍 퍼야함. 
- 콜마 : 1스쿱을 평평하게 퍼야함",,,,,,,,,,,,,,,,,,,
효소,골드 카무트 브랜드 밀 효소,섭취량 문의,과식한 경우 최대 2포까지는 섭취 해도 괜찮습니다.,,,,,,,,,,,,,,,,,,,
효소,골드 카무트 브랜드 밀 효소,섭취 가능 연령 문의,"네, 초등학생부터 복용가능하며, 설사 등 위장장애가 있다면 용량을 줄이고, 위장장애 없다면 1포 섭취 안내부탁드립니다.",,,,,,,,,,,,,,,,,,,
밀크씨슬,공통,음주 후 복용,"음주 전후로 복용하셔도 괜찮으시지만, 음주를 하지 않고 복용하시는 편이 가장 효과가 좋습니다. 둘 중에는 음주 후 자기 전 복용을 권장드립니다.",,,,,,,,,,,,,,,,,,,
밀크씨슬,공통,환자 섭취,"익스트림 밀크씨슬은 간기능 개선 효과가 있습니다. 하지만 의약품을 복용중이시라면, 고객님의 안전과 건강을 위해 고객님의 몸컨디션을 잘 알고 계시는 전문의사분과의 상담 후 섭취를 권장드립니다.",,,,,,,,,,,,,,,,,,,
밀크씨슬,공통,800 VS 플러스,"익스트림 밀크씨슬 800과 밀크씨슬 플러스는 함량의 차이가 있습니다.

익스트림 밀크씨슬 플러스는 국내 건강기능식품 규격에 맞추어진 제품입니다. (1일 밀크씨슬 260mg, 실리마린 130mg) 
국내 식품법상 건강기능식품으로 등재된 밀크씨슬의 1 일 실리마린 함유량은 130mg 을 넘지 못하도록 되어있습니다. 
그리고 비타민B군 3종이 1일영양성분기준치 100% 만족하는 함량 함유되어 있습니다.

WHO에서 제시하는 실리마린  1일 권장섭취량은 250-400mg으로, 고함량 제품을 원하시는 분들을 위해 실리마린 400mg을 섭취할 수 있도록 설계된 제품입니다. 
강황 및 아티초크가 추가되어 삼중배합이 되어있는 제품입니다.익스트림의 제품들은 고함량이 큰 장점입니다.
하지만 사람 개개인의 체질에 따라 고함량이 부담스러우신 분들도 있기 때문에 익스트림 밀크씨슬 플러스는 함량을 낮춰 섭취량을 조절할 수 있도록 발매된 제품입니다.",,,,,,,,,,,,,,,,,,,
밀크씨슬,공통,"800, 플러스 혼용","두 제품을 같이 복용하기 보다는 원하시는 함량에 따라 선택해서 복용하시는 걸 권장드립니다. 
익스트림 밀크씨슬은 고함량의 밀크씨슬을 찾는분들을 위한 제품으로 밀크씨슬 800mg(실리마린 400mg)이 함유되어 있습니다. 보통 밀크씨슬 고함량 제품은 해외 직구로 많이들 구매하십니다. 
익스트림 밀크씨슬 플러스는 고함량의 밀크씨슬 섭취가 부담스러우신 분들을 위해 국내 식약처 1일 최대섭취량(실리마린 130mg)에 맞춰 발매된 제품입니다.
밀크씨슬을 처음 복용 하신다면 밀크씨슬 플러스부터 복용해 보시는 걸 추천드립니다.",,,,,,,,,,,,,,,,,,,
밀크씨슬,공통,저녁섭취 권장 이유,"익스트림 밀크씨슬 제품의 경우 정기적으로 편리하게 복용 하시기 위해 저녁식후로 섭취루틴을 권장드리고 있으며,고객님께서 편하신 시간대를 지정 해 두시고 꾸준하게 복용하는 것이 제일 좋습니다.",,,,,,,,,,,,,,,,,,,
밀크씨슬,공통,식품유형 문의,"익스트림 밀크씨슬 800 제품은 WHO에서 제시하는 실리마린  1일 권장섭취량(250-400mg)을 참고하여 고함량을 섭취할 수 있도록 400mg의 실리마린을 함유하였으며
강황 및 아티초크가 추가되어 삼중배합이 되어 있는 제품입니다.
일정 성분의 당을 함유하고 있어 본 제품은 당류가공품으로 제조되어 밀크씨슬 및 주요 성분들을 제외한 원료들은 최소한으로 함유하여 본질에 집중하였습니다.",,,,,,,,,,,,,,,,,,,
블랙마카,공통,탈모 부작용 여부,"블랙마카의 성분을 직접적으로 살펴보면 큰 연관성은 없습니다.
탈모와 연관이 있다고 알려진 DHT성분은 남성 호르몬인 테스토스테론이 간에서 대사 나온 부산물인데요,
블랙마카를 섭취하시면서 근력 운동을 같이 하시면 남성호르몬 수치를 높일 수 있어 이 경우 연관이 있다고 보는 경우는 있습니다!
하지만 블랙마카가 탈모에 직접 유발한다는 근거는 알려진 바 없습니다.
개인의 체질이나 건강 상태에 따라 차이가 있을 수 있으므로, 탈모가 걱정되신다면 피부과 전문의 상담을 추천드립니다.",,,,,,,,,,,,,,,,,,,
블랙마카,공통,블랙마카의 비타민 함량,"익스트림 블랙마카의 비타민은 부원료로 소량 함유되어 있기 때문에 비타민 하루 권장량에는 부족한 수치이니, 다른 비타민 제품과 함께 복용하셔도 괜찮습니다!",,,,,,,,,,,,,,,,,,,
블랙마카,공통,블랙마카의 아르기닌 함량,"(제품에 따라 함유여부 다름/확인 필요)**블랙마카 활력환/2500에는 함유되어 있음**
L-아르기닌이 함유되어있는 제품이더라도 부원료로 소량 함유되어 있기 때문에 충분한 아르기닌 섭취를 위해서는 익스트림 트리플 아르기닌 제품을 추천 드립니다.",,,,,,,,,,,,,,,,,,,
블랙마카,공통,식품 유형 문의(과채가공품),"국내 식품법상 마카는 대부분 과채가공품으로 제조됩니다. 
익스트림 블랙마카 제품은 식약처에서 허용한 49.9% 블랙마카 함유량을 배합하였습니다. 
본 제품은 과채가공품으로 제조되어 마카 및 주요 성분들을 제외한 원료들은 최소한으로 함유하여 본질에 집중하였습니다.
더불어 익스트림 블랙마카 제품은 HACCP 및 GMP 인증을 받은 제조사에서 만든 제품이니 안심하고 드셔도 됩니다.",,,,,,,,,,,,,,,,,,,
블랙마카,공통,블랙마카 정제 색상 문의,"블랙마카는 고산지대인 안데스 산맥의 페루 지역에서 자라는 식물의 뿌리로 만들어진 제품으로 색소,첨가물 없이 제조되어 원물 고유의 색상에 따라 정제의 색이 연하거나 조금 더 진할 수 있습니다.
작물의 특성으로 인한 자연스러운 현상이니 안심하고 섭취하셔도 괜찮습니다.",,,,,,,,,,,,,,,,,,,
블랙마카,공통,남성 호로몬 증가,"""마카의 생리활성,2009""의 논문을 보시면 원료로써 정약의 양, 정자수, 정자의 움직임이 유의적으로 증가했다는 결과가 있어 상관 관계가 있는 것으로 보고 있습니다.",,,,,,,,,,,,,,,,,,,
블랙마카,공통,"블랙마카 제품 섭취 후 식욕이 억제되는 느낌을 받았는데 
관련된 성분이 있는지 문의",식욕억제 관련된 직접적인 성분이 있는것은 아니지만 블랙 마카 원료의 혈당 조절 / 호르몬 조절 / 신진대사 활성화 등으로 인해 간접적으로 식욕이 조절에 도움 될 수 있는 점 참고 부탁드립니다.,,,,,,,,,,,,,,,,,,,
아르기닌,공통,아르기닌 복용 후 복통 및 설사 증상이 있어요,"아르기닌의 경우 아미노산 흡수 우선 순위가 낮아 흡수율을 높히기 위해 고함량으로 섭취 해 주시는 것을 추천 해 드립니다만,
개인의 컨디션과 체질에 따라 몸의 몸의 반응은 다를 수 있어서 복용 후 설사 증상이 있으실 경우에는
섭취량을 조절해서 반포만 섭취하시거나 또는 물에 희석하여 섭취하시는 것을 권장 해 드립니다.
고함량 아르기닌 제품이기 때문에 조절 후 복용량을 늘려 가시는 것이 좋을 것 같습니다.",,,,,,,,,,,,,,,,,,,
아르기닌,공통,어떤 효과가 있나요? or 언제 효과가 나타나나요,"아르기닌은 타 아미노산과의 흡수 경쟁에서 밀리기 때문에 고함량 아르기닌 제품으로 충분한 섭취를 권장 드립니다.
익스트림 아르기닌 제품은 고함량의 아르기닌이 함유 되어 있어 운동 전으로 섭취 하시게 되면 도움이 될 수 있습니다.
또한, 카르니틴, 오르니틴, 시트룰린, 아스파트산까지 배합하여 5종의 회로 아미노산이 순환하며, 아르기닌의 흡수, 활력의 극대화를 도와줄 수 있습니다.",,,,,,,,,,,,,,,,,,,
아르기닌,공통,L- 아르지닌이 아르기닌인가요?,네 맞습니다. L-아르기닌과 L-아르지닌은 같은 말입니다.,,,,,,,,,,,,,,,,,,,
아르기닌,공통,헤르페스가 있는데 섭취해도 괜찮을까요?,"아르기닌은 헤르페스 보균자의 포진 등에 영향을 미칠 수 있어 헤르페스가 있으시다면, 보다 안전한 복용을 위헤 섭취전 전문의사분과의 충분한 상담을 권장 해 드립니다.
섭취 시 몸의 반응은 개인의 차가 있을 수 있어, 고객님의 몸 컨디션을 잘 알고 계시는 전문 의사분과의 충분한 상담 후 복용을 해 주시길 바랍니다.",,,,,,,,,,,,,,,,,,,
아르기닌,공통,휴지기 문의,"아르기닌 제품은 별도의 휴지기가 없습니다.따라서 꾸준한 섭취가 가능하시고, 공복에 흡수율이 좋습니다.
단, 공복 섭취 후 속이 쓰리거나 몸에 무리를 느끼신다면 식후 섭취로 바꾸어 주시는 편이 좋습니다.",,,,,,,,,,,,,,,,,,,
아르기닌,공통,"청소년, 학생도 섭취 가능여부 문의","익스트림 트리플 아르기닌 제품은 중,고등학생도 섭취 가능하나 고함량 제품으로 청소년기 이후 섭취를 추천드리고 있습니다. 
고함량 제품으로 처음 복용 하신다면, 섭취량을 반포로 물과 희석하여 먼저 섭취 해 보시고, 이후 섭취량을 점차 늘려가시는 것을 추천 해 드립니다.
(해당 제품 고함량으로 청소년기 이후 복용 가능 안내 ) 

*듀얼아르기닌의 경우 정제 사이즈가 커서, 정제 크기를 삼킬 수 있는 연령대 부터 복용 가능",,,,,,,,,,,,,,,,,,,
아르기닌,공통,건강기능식품인가요?,"1) 아르기닌의 경우 일반식품원료 / 개별인정형원료 / 의약품 원료로 구분할 수 있습니다. 
익스트림 트리플 아르기닌 제품은 일반식품원료를 사용하였으나, 고함량의 아르기닌을 함유하고 있으며 HACCP 및 GMP 인증을 받은 제조사에서 만든 제품이니 안심하시고 드셔도됩니다.

2) 익스트림 트리플 아르기닌의 주 원료인 아르기닌은 식품 유형상 '일반식품'의 '혼합음료'로 입니다. ",,,,,,,,,,,,,,,,,,,
아르기닌,공통,노케스템 관련,"WCS는 인증마크가 아닌, Warrant Contents Standard의 약자로 확인됩니다.익스트림 아르기닌의 경우 CJ의 원료로 만들어지며, 해당원료의 시험성적서를 모두 보유 하고있습니다.
(WCS, 노케스템의 경우 업체에서 자체적으로 만든 약자인 것으로 보여집니다.)식약처에서 인정하는 인증마크는 HACCP , GMP 마크이며 아르기닌 상품에는 HACCP이 인증마크가 표기되어있습니다.",,,,,,,,,,,,,,,,,,,
아르기닌,공통,단백질 성분 식물성/동물성 여부,저희가 사용하는 아르기닌원료의 경우 CJ 제일제당에서 독점공급을 받는 아미노산이며 식물성입니다.,,,,,,,,,,,,,,,,,,,
아르기닌,공통,탈모 부작용 여부,"아르기닌이 탈모에 직접적으로 영향을 미친다는 연구결과 및 과학적 근거는 부족합니다. (오히려 모발/두피의 혈액순환을 도와 긍정적인 영향을 미칠 수 있다는 연구결과도 있음)
다만 익스트림 트리플 아르기닌 6200의 상품은 아르기닌이 고함량이 들어가있어 효과가 느껴지는 정도 및 몸의 반응은 개인의 체칠과 몸의 컨디션에 따라 다르기에 정확하게 안내 드리기 어려운 점 양해 부탁드립니다.",,,,,,,,,,,,,,,,,,,
아르기닌,공통,권장섭취량보다 초과해도 되나요?,"통상적으로 1일 12,000mg까지의 아르기닌 섭취는 큰 부작용 사례가 보고된적이 없습니다.
또한, 아르기닌의 경우 수용성 아미노산으로 고함량으로 섭취해도 체내에 남지않고 배출되어 안전합니다!
다만 고함량 아르기닌의 섭취는 복통 및 설사 등의 부작용을 유발할 수 있으니 필요하신 경우엔 섭취량을 조절하시면 될 것 같습니다.",,,,,,,,,,,,,,,,,,,
아르기닌,공통,(게시판)원료사 어딘가요? 원산지라든가 정보 부탁드려요 중국산일까요?,"익스트림 아르기닌 젤리스틱 제품은 CJ 제일제당으로 부터 익스트림이 독점적으로 계약받은 AMINATURE사의 식물성 L-아르기닌 원료를 사용중이며 
추출된 원료의 원산지는 인도네시아, 최종 유통은 대한민국 CJ 제일제당 입니다.",,,,,,,,,,,,,,,,,,,
오메가,공통,알약 섭취가 힘들어 안에 내용물만 섭취가 가능할까요?,"내용물만 섭취하셔도 무관하나, 오메가3 특유의 비릿한 향이 날 수 있는 점 참고부탁드립니다.",,,,,,,,,,,,,,,,,,,
오메가,공통,처음과 달리 꼬릿한 냄새가 심해졌어요,"오메가3의 경우 생선에서 추출하였기 때문에 어취가 날 수 있습니다.
특히 듀얼 오메가3는 대용량 구성으로 병에 3개월분이 들어가있는 포장 특성 상 PTP포장 제품보다 냄새가 더 날수 있는 점 안내 부탁드립니다.
추가로 뚜껑을 계속 열게되면 산패가 빠르게 진행될 수 있어 뚜껑을 꼭 닫아 직사광선을 피해 서늘한곳에 보관 부탁드립니다.",,,,,,,,,,,,,,,,,,,
전 제품,공통,의약품과 함께 섭취 가능여부 문의,말씀주신 의약품이 치료 목적으로 복용하고 계신다면 섭취 이전 담당 의사와 충분한 상담 후 섭취하는 것을 권장 하고 있습니다.,,,,,,,,,,,,,,,,,,,
전 제품,공통,소비기한 경과 제품 섭취 문의,익스트림은 고객님의 안전을 위해 소비기한이 경과된 제품의 섭취는 권장하고 있지 않습니다.,,,,,,,,,,,,,,,,,,,
프로틴,공통,일반과 플러스의 차이점은 뭔가요?,"1. 익스트림 모노크레아틴
독일의 기술력과 노하우로 탄생한 순도 100% 독일산 Creapure® 인증 크레아틴 모노하이드레이트 제품입니다
식약처 권장 1일 섭취량을 100% 충족하며, 반도핑 인증을 완료해 더욱 안심하고 섭취할 수 있습니다.
또한 무맛·무취로 부담 없이 간편하게 크레아틴을 보충할 수 있는 제품입니다.

2. 익스트림 모노크레아틴 플러스
익스트림이 단독 개발한 EXTREME MONOCREA 크레아틴 모노하이드레이트 제품으로, 100% 순수 크레아틴 모노하이드레이트 3,000mg을 함유했습니다.
식약처 1일 권장 섭취량을 100% 충족하며, 무맛·무취로 부담 없이 간편하게 섭취할 수 있고 가성비가 뛰어나 꾸준히 크레아틴을 보충하기에 적합한 제품입니다.
※모노크레아틴 플러스 제품 원산지는 중국산이며 1차적으로 위와 같이 응대 후 그래도 원산지를 문의하시면 안내 부탁드립니다.

🌟 근력과 운동 수행 능력을 높이고 싶다면? 목적별 모노크레아틴 제품 추천
순도 100% 독일산 모노하이드레이트 크레아틴을 원하신다면 → 익스트림 모노크레아틴
가성비 좋은 크레아틴 제품을 원하신다면 → 익스트림 모노크레아틴 플러스
",,,,,,,,,,,,,,,,,,,
글루타민,글루타민 ZMA,하루 2~3정 섭취해도 되나요?,"네, 하루 최대 3정까지 섭취 가능합니다. 3정 섭취시, 마그네슘 300mg, 아연 25.5mg, 비타민B6 13.5mg으로 성인남성기준 상한 섭취량을 넘지 않으며, 드시고계신 다른제품과 영양성분이 겹치지 않는지 주의 부탁드립니다.",,,,,,,,,,,,,,,,,,,
글루타민,글루타민 ZMA,아이와 함께 섭취해도 되나요?,글루타민ZMA는 아미노산과 비타민 미네랄을 담은 제품으로 성장기 어린이와 청소년의 건강관리에도 도움이 됩니다.,,,,,,,,,,,,,,,,,,,
글루타민,글루타민 ZMA,운동 하지 않고 섭취해도 효과 동일한가요?,"글루타민은 운동후 근육에 누적된 피로를 풀어주고 몸속에 들어온 단백질이 근합성에 쓰이도록 도와줍니다.
그래서 운동후에는 근육내에 있는 글루타민 농도가 감소하기때문에 운동후 섭취해주면 근육회복에 도움을 받을 수 있습니다.",,,,,,,,,,,,,,,,,,,
글루타민,글루타민 ZMA,"성장기 아이가 섭취해도 된다고 명시 되어있는데 
초등학교 저학년 섭취 가능한가요?",*권장섭취량 - 글루타민(성인) : 5g~15g / 마그네슘(9~13세) : 220mg / 아연(9~13세) : 8mg 섭취무방합니다.,,,,,,,,,,,,,,,,,,,
글루타민,글루타민 ZMA,"글루타민 제품의 1일 섭취량에 대해 문의 / 일반적으로 글루타민은 1일 2g~10g 정도 섭취하는 것이 일반적으로 알려져 있는데, 
하루 500mg 섭취량이 너무 적은 것이 아닌지 문의","글루타민은 육류, 달걀, 유제품, 콩류와 같은 식품에 풍부하게 들어있습니다.
그러나 운동을 하거나 근육 회복이 필요한 경우, 보충제(영양제)를 통해 추가 섭취하는 것이 효과적입니다.

음식(식품)을 통해 섭취하는 글루타민 양이 적으시면 1일2정~3정 섭취하셔도 무방합니다.",,,,,,,,,,,,,,,,,,,
마그네슘,꼬막칼슘 마그네슘 비타민D&K,비소성 칼슘인가요?,"화학공정이나 첨가물이 사용된 칼슘이 아닌 친환경 공법으로 생산된 100% 비소성 친환경 칼슘입니다!
(*비소성 칼슘은 저온에서 가공한 칼슘을 말합니다.",,,,,,,,,,,,,,,,,,,
마그네슘,꼬막칼슘 마그네슘 비타민D&K,"마그네슘 원료 원산지, Non-GMO 여부 문의","익스트림 꼬막 칼슘 마그네슘 비타민 D&K 제품의 경우 비타민 K2는 Non-GMO 원료가 아니며,
비타민 D와 마그네슘은 Non-GMO 원료가 사용되고 있습니다.",,,,,,,,,,,,,,,,,,,
마그네슘,꼬막칼슘 마그네슘 비타민D&K,K2 초임계 추출 방식인지?,"문의주신 익스트림 꼬막 칼슘 마그네슘 비타민 D&K 제품에 대해 안내드립니다.
본 제품에 함유된 비타민 K2는 초임계 추출 방식의 원료는 아니지만, 철저한 품질 관리 기준을 통과한 고품질 원료만을 사용하여
안심하고 섭취하실 수 있는 제품입니다.",,,,,,,,,,,,,,,,,,,
마그네슘,꼬막칼슘 마그네슘 비타민D&K,비타민K2는 어떤 형태인지?,익스트림 꼬막칼슘 마그네슘 비타민 D&K 제품에 함유된 비타민K2(MK-7)는 체내 흡수율과 안정성이 높은 'Trans 형태'의 원료를 사용하고 있습니다.,,,,,,,,,,,,,,,,,,,
성분,꼬막칼슘 마그네슘 비타민D&K,1일 권장량 섭취시 비타민d함량,"1일 섭취량 2정 섭취 시 비타민D 100mcg(=4,000IU)",,,,,,,,,,,,,,,,,,,
성분,꼬막칼슘 마그네슘 비타민D&K,원료배합에 비타민D가 100ug 비타민K 70ug라고 표기되어 있는데 하루권장량 상한선이 아닌가요?!,"비타민K 70ug 은 식약처가 정한 1일영양성분 기준치 100%를 만족하는 함량이며, 
비타민D는 100ug(4000IU)은 1,000%에 해당하는 함량입니다. 

비타민D의 1일영양성분 기준치는 10ug(400IU)이지만, 한국인 대부분은 비타민D 결핍 또는 부족한 경우가 많기 때문에 충분한 보충을 통해 건강상 이로움을 챙기실 수 있도록 시중에 비타민D 고함량 제품이 많이 있습니다. (ex 1,000~5,000IU) 

비타민D는 칼슘의 흡수 및 이용되는데 도움이 되어 뼈의 형성과 유지에 필요한 필수 영양소이므로 충분한 함량을 통해 뼈건강에 도움받으시길 바랍니다.",,,,,,,,,,,,,,,,,,,
성분,꼬막칼슘 마그네슘 비타민D&K,비타민K2 단독으로 들어가는 게 맞는지,현재 판매중인 익스트림 꼬막칼슘 마그네슘 비타민D&K 제품의 비타민K는 K2 단독으로만 들어간게 맞습니다~!,,,,,,,,,,,,,,,,,,,
대마종자유,대마종자유 1000,대마종자유와 식물성 오메가3 성분이 같은건가요?,"대마종자유 : 대마 씨앗에서 추출된 식물성 오일로, 필수아미노산과 단백질이 함유되어있습니다.
또한 오메가6와 오메가3가 3:1 비율로 다량 함유되어 있으며, 신체 내 지방산 균형을 맞추는데 효과적입니다.

식물성 오메가3 : 오메가3만 함유되어있으며, 혈행개선, 혈중중성지질개선에 도움을 주는 제품입니다.

즉 식물성 오메가3는 오메가3 성분에 집중한 건강기능식품 제품이며,
대마종자유는 오메가3 뿐만아니라 필수아미노산, 단백질, 오메가6 성분이 골고루 함유된 일반식품입니다.",,,,,,,,,,,,,,,,,,,
활력샷,더 활력샷,"더 활력샷 1병당 엽산 2,000ug 함유되어 있는데, 
엽산의 경우 일일권장섭취량이 최대 1,000ug로 알고 있어 함유량이 너무 높은 것 아닌가요?","엽산은 수용성 비타민에 해당되는 비타민B군 중 하나입니다. (비타민B9)
수용성 비타민의 경우 몸에 필요한 양만 흡수되고 나머지는 소변으로 배출되므로 걱정하지 않으셔도 됩니다. 활력샷 제품은 활력이 필요하신 분들을 집중으로 고함량 설계 된 점 참고 부탁드립니다.",,,,,,,,,,,,,,,,,,,
활력샷,더 활력샷,활력샷 복용 방법 문의,"익스트림 더 활력샷 제품은 1일 1회, 뚜껑을 개봉하여 정제와 액상을 함께 섭취 하시면 됩니다.",,,,,,,,,,,,,,,,,,,
활력샷,더 활력샷,활력샷 섭취 시간 문의,"익스트림 더 활력샷 제품은 에너지 부스팅 목적으로 오전 공복, 혹은 운동을 즐겨하신다면 운동 전에 섭취 하는 것을 추천드립니다.",,,,,,,,,,,,,,,,,,,
활력샷,더 활력샷,활력샷 공복 섭취 문의,"익스트림 더 활력샷 제품은 공복에 단독 섭취하실 경우 흡수율을 높이실 수 있습니다.하지만 개인의 체질과 몸의 컨디션에 따라 
공복에 복용하실 경우 속쓰림, 더부룩함 등 위장장애가 나타날 수 있어, 위장장애가 있으시다면 식사 후 복용을 권장드립니다.",,,,,,,,,,,,,,,,,,,
활력샷,더 활력샷,섭취 연령대 문의,"익스트림 더 활력샷 제품은 청소년부터 섭취하는 것을 권장드립니다.
또한 첫 복용 시 섭취량을 반으로 조절하여 몸의 컨디션 반응을 지켜보며 점진적으로 권장 섭취량으로 늘려 복용하는 것을 추천드립니다.",,,,,,,,,,,,,,,,,,,
활력샷,더 활력샷,일일 섭취량 문의,"익스트림 더 활력샷 제품은 1일 1회 섭취하는 제품이지만, 필요에 따라 하루에 최대 2병까지 섭취 하셔도 괜찮습니다.
다만 2병 초과 복용 시 개인에 따라 설사 및 복통을 유발할 수 있으니 적절하게 조절하여 섭취하는 것을 추천드립니다.",,,,,,,,,,,,,,,,,,,
활력샷,더 활력샷,섭취문의,"익스트림 더 활력샷 제품은 남녀노소 누구나 섭취 가능합니다.
활력 원료를 액상 한병과 정제 2정에 알차게 나눠 담은 제품으로, 활력이 필요한 직장인,주부 등 모두가 복용 할 수 있으며 피로회복,활력개선,면역력 강화 등의 효과를 볼 수 있습니다.",,,,,,,,,,,,,,,,,,,
활력샷,더 활력샷,액상이 젤리화(고체화)가 됨 문의,"해당 제품의 뭉침 현상은 타마린드검 0.4%. 잔탄검 0.08%로 타마린드검이 높은 배합비로 구성이 되어있는데 검의 농도가 높을 수록 수분을 흡수하는 성질이 있습니다.
이를 낮은 온도에서 보관, 유통 될 시 겔화가 촉진이 되어 뭉침 현상이 발생하는 것으로 나타났습니다.

미생물 시험 결과 일반세균 0 CFU/ML , 대장균군 음성으로 해당제품이 미생물 오염으로 인한 변질이 아님을 성적서로 확인하였습니다.
추후에는 검의 배합비를 낮추어 제품 생산을 진행할 예정이며, 주의문구 또한 추가하며 ' 저온 보관시 뭉칠 수 있다고' 고지하는것이 좋을것같습니다.

불편함을 초래하여 진심으로 죄송하다는 말씀과 더불어 추후에는 이런 오차 없이 생산할 수 있도록 품질관리에 힘쓰도록 하겠습니다.",,,,,,,,,,,,,,,,,,,
성분,듀얼 아르기닌 플러스,듀얼 아르기닌 플러스 영양성분표 내 탄수화물이 높은 이유,아르기닌 제품의 탄수화물 수치는 말토덱스트린 때문일 가능성이 높습니다. 말토덱스트린은 고분자 탄수화물로 여러 분말들을 잘 뭉쳐지기 위한 역할을 합니다. 이 점 참고 부탁드립니다,,,,,,,,,,,,,,,,,,,
아르기닌,듀얼 아르기닌 플러스,가루형태의 제품을 섭취 후 혀가 아파요,"아르기닌 원료 자체가 쓰고, 떫고, 비린맛이 있습니다.
원료 자체의 특성으로 해당 증상이 일어날 수 있습니다!",,,,,,,,,,,,,,,,,,,
아르기닌,듀얼 아르기닌 플러스,1통 내 방습제가 몇개 들어있나요?,"제조사 우유헬스케어, 한풍네이처팜 모두 2개씩 들어있습니다.",,,,,,,,,,,,,,,,,,,
루테인,루테인지아잔틴,어떻게 복용하나요?,익스트림 루테인지아잔틴은 하루 1캡슐 식후 충분한 물과 함께 복용을 권장드립니다.,,,,,,,,,,,,,,,,,,,
류신,류신 단백질 플러스,다른 아미노산 함량 문의,"익스트림 류신 단백질 플러스 제품에는 류신 외에 11종 아미노산이 함유되어있습니다.
11종 아미노산 소량 함유되어있는 점 참고 부탁드리겠습니다.",,,,,,,,,,,,,,,,,,,
성분,류신 단백질 플러스,"1. 당성분이 몇 %인지? 
2. 단백질 보충제와 시간차를 두고 섭취해도 되는지? 
3. 단백질 보충제와 함께 섭취시 단백질 과다 섭취하는 것은 아닌지?","1. 당성분이 몇 %인지?
=> 1정당 1g 미만입니다. 

2. 단백질 보충제와 시간차를 두고 섭취해도 되는지?
=> 넵 ^^ 가능합니다~ 

3. 단백질 보충제와 함께 섭취시 단백질 과다 섭취하는 것은 아닌지?
=> 단백질보충제와 함께 섭취하실 경우 시너지가 날수있습니다. 류신은 단백질 보충제의 근육 합성 효과를 올려주어 운동 직후에 단백질과 류신을 함께 섭취하시면 근육 회복에도 도움을 줄 수 있습니다.",,,,,,,,,,,,,,,,,,,
성분,류신 단백질 플러스,아르기닌 함량,"안녕하세요, 류신 단백질 플러스 내 아르기닌은 부원료로 소량 함유되어 있습니다. 
본 제품은 1정 섭취 시 단백질 합성의 핵심인 L-로이신(류신)을 고함량(300mg) 함유한 제품인 점 참고 부탁드립니다.",,,,,,,,,,,,,,,,,,,
원산지,류신 단백질 플러스,로이신 원료 원산지,"로이신 원료는 중국산이며 그외 다른 원료들은 미국산, 네덜란드산, 국산임",,,,,,,,,,,,,,,,,,,
함량,류신 단백질 플러스,"1정당 마카,아르기닌 함량","마카 1.6mg, 아르기닌 0.8mg 함유되어있습니다.

류신 단백질 플러스 제품은 류신 및 단백질 함량을 신경 쓴 제품으로 마카, 아르기닌은 극소량 함유된 점 안내부탁드립니다.",,,,,,,,,,,,,,,,,,,
유산균,리얼 비피더스 플러스,성분 중 우유 함유되는 이유와 유당불내증이 있을 경우 섭취하면 안되나요?,"갈락토올리고당은 유당에서 유래되어 본 제품에는 '우유 함유'가 표시되어 있습니다. 
유당불내증이 있으신 경우, 제품 섭취에 신중을 기해주시기 바랍니다. 일반적으로 유당불내증이 심하지 않은 경우에는 큰 문제가 없을 것으로 보이나, 
개인차가 있을 수 있으므로 증상이 심하신 분은 섭취 전 전문의와 상담하실 것을 권장드립니다.",,,,,,,,,,,,,,,,,,,
유산균,리얼 비피더스 플러스,비피더스 완충 비닐이 없는게 맞나요?,"익스트림 리얼 비피더스 플러스 30캡슐 제품에는 이전에 완충 비닐이 포함되었던 것이 맞으며, 
2025년 1월 생산 제품부터 환경부의 일회용품 사용 규제로 인해 제외되었습니다. 
익스트림 리얼 비피더스 제품은 정제형이 아닌 캡슐형으로, 용기 내부에서 부딪혀도 깨질 위험이 없어 완충제 없이도 안전하게 섭취하실 수 있습니다!

(*참고 : 60캡슐은 용기에 꽉 차게 담겨있어, 기존에도 완충비닐은 포함되어있지 않았습니다!)",,,,,,,,,,,,,,,,,,,
유산균,리얼 비피더스 플러스,비피더스와 보장균수차이 문의,"일단 보장균수라는 개념은 유통기한 내에 생균이 살아있는 수를 이야기합니다. 
이런 내용을 봤을때는 다소 적게 섭취하는 것은 아닐까하는데, 유산균의 균주 strain과 그 기능을 보면 좋을 것 같습니다.
두 제품은 공통적으로 장기능 개선가지고 있으며 101억 보장제품은 운동수행능력의 특징을,50억 제품은 비피더스로 과민성 장 / 무른 변에 특화된 유산균입니다.
각 제품들은 장까지 도달하여 기능을 하므로, 두 제품은 개인적인 상황에 맞추어 섭취하시면 좋을 것 같습니다!",,,,,,,,,,,,,,,,,,,
유산균,리얼 비피더스 플러스,b3유산균 여부 문의,리얼비피더스 유산균은 B3 유산균이 아닙니다!B3 유산균 균주 명칭은 Bifidobacterium Breve B-3으로 체지방 감소에 도움을 주는 유산균입니다.,,,,,,,,,,,,,,,,,,,
릴렉스온,릴렉스온,불면증에 도움이 될까요?,익스트림 멜라토닌 릴렉스온은 의약품이 아닌 식품으로 편안하게 섭취가능하며식물성 멜라토닌 원료 편안한 휴식을 위한 원료들이 배합되어있어섭취를 안하시는 것 보다 편안한 휴식을 가질 수 있는 제품입니다,,,,,,,,,,,,,,,,,,,
릴렉스온,릴렉스온,하루 최대권장량이 어떻게되나요?,"익스트림 멜라토닌 릴렉스온 제품은 하루 1정을 섭취권장 드리고 있습니다.
권장하는 섭취량은 1일 1회 1정이나 최대 하루 2정까지 섭취 가능합니다.",,,,,,,,,,,,,,,,,,,
릴렉스온,릴렉스온,나이가 많은 사람도 먹어도 될까요?,"익스트림 식물성 멜라토닌 2mg 함유 릴렉스온 제품은 100% 토마토유래 식물성 멜라토닌으로
스트레스가 많은 현대인과 밤잠으로 고민이 많은 실버층까지 안전하게 섭취 가능한 식물성 멜라토닌 입니다!",,,,,,,,,,,,,,,,,,,
비타민,멀티비타민&미네랄,"칼슘, 마그네슘 함유량 문의","마그네슘은 없으며, 해조칼슘 35mg 함유되어 있습니다.",,,,,,,,,,,,,,,,,,,
성분,멀티비타민&미네랄,활성형 엽산인지?,스위스산 일반 엽산,,,,,,,,,,,,,,,,,,,
성분,모노크레아틴,마이크로나이즈드 크레아틴인지?,"마이크로나이즈드 크레아틴은 아닙니다. 
미분화된 원료는 현재 글로벌 시장에서 일반식품용으로 사용하고 있고, 국내에서는 사용을 잘 안하고 있는 원료라고 합니다.",,,,,,,,,,,,,,,,,,,
제품 이상,모노크레아틴,물에 섞었을때 알갱이가 모래처럼 씹히는데 정상인지?,모노크레아틴 원료 특성상 용해도가 낮아 물에 완전히 녹지 않고 알갱이가 살짝 떠 있는 경우가 있을 수 있습니다. 이는 크레아틴 분자의 특성때문인데 비극성(소수성)과 극성(친수성)부분을 모두 가지고 있지만 전체적으로 물과 결합하는 극성 부분이 부족하기 때문에 물과 결합력이 약합니다.,,,,,,,,,,,,,,,,,,,
프로틴,모노크레아틴,"분리대두단백,분리유청단백 함유로 섭취 가능여부",크레아프로틴에 WPI(분리유청단백)+ISP(분리대두단백)만 함유되어있어 유당불내증 있는 분께서 섭취해도 무방합니다,,,,,,,,,,,,,,,,,,,
프로틴,모노크레아틴,유댕불내증 있는데 섭취해도 될까요?,"유당불내증 가지신 분이 아예 불편함을 느끼시지 않으시려면 ISOLATE ONLY로 된 단백질이 가장 좋습니다. 
ex. 100% 분리유청 단백, 100%분리 대두, 완두 단백 등 모든 단백질원이 분리형태. 

저희 크레아프로틴의 경우 크레아틴을 제외한 단백질원은 분리대두 및 분리유청으로 ISOLATE형태로만 이루어져 있어 유당불내증이 있으셔도 무방합니다!",,,,,,,,,,,,,,,,,,,
프로틴,모노크레아틴,운동안해도 섭취 가능한가요?,운동 안하는 사람이 섭취시 활력에 도움이 될수있다고 하시면 될것같습니다. 다만 운동하실떄 좀더 효과를 볼 수 있는 원료로 간단한 운동과 병행 하시면 더 좋은 효과를 보실 수 있습니다.,,,,,,,,,,,,,,,,,,,
프로틴,모노크레아틴,모노크레아틴 플러스'제품 섭취 시 탈모 발생 가능성?,"크레아틴을 먹으면 탈모랑 연관이있을거라는 이야기가 많았는데요~ 
크레아틴이 직접적으로 탈모를 유발한다는 연관성은 없습니다. 탈모 인과관계는 아직 국내/해외 확인된 연구나 임상결과도 없습니다.",,,,,,,,,,,,,,,,,,,
프로틴,모노크레아틴,미분화 된 제품이 맞나요?,미분화 된 제품 맞음,,,,,,,,,,,,,,,,,,,
프로틴,모노크레아틴,상세페이지 내 1회 섭취 3g 기준 2.4g이 탄수화물이면 크레아틴은 0.6g 함량이 아닌지 문의,"익스트림 모노크레아틴 플러스는 1회 섭취량(3g)당 크레아틴 3g 을 섭취하실 수 있도록 설계된 제품입니다. 
보시는 영양정보의 값들은 식약처 [식품의 기준 및 규격]에 따라 크레아틴의 영양정보(열량, 탄수화물, 단백질, 지방, 나트륨)을 분석하여 수치로 표시하게 되어있습니다. 
따라서, 1회 섭취 시 크레아틴을 3g 을 섭취하시는 것이고 이 3g 을 잘개 쪼개서 영양성분을 분석해보면, 
열량 10kcal, 탄수화물 2.6g, 단백질 0g, 지방 0g, 나트륨 0mg가 포함되어있는 것입니다. 
얼핏 보시기에는 탄수화물의 합과 크레아틴의 합으로 총량이 구성된 것럼 보이나, 
크레아틴은 지표성분으로 따로 분석값을 수치한 것이고 이 크레아틴의 영양성분은 별도라고 생각해주시면 될것같습니다~! 
——————————————————————————- 
타사 제품(잠백이/삼대오백/기타 해외제품)과 비교해서 왜 익스트림제품만 이렇게 탄수화물이 높게 나오나요? 
A : 안녕하세요 고객님 익스트림 크레아틴은 국내 식품의약품안전처 「식품의 기준 및 규격」 을 준수하며 까다로운 품질 기준을 세우고 있는 콜마에서 생산하였습니다. 이처럼 국내 대형 GMP 공장에서 생산된 제품들은 식품 규격에 맞춰 표기를 하고 있습니다. 
노바렉스, 콜마 에서 생산하고 있는 타사의 크레아틴 국내 제품들을 보시면 탄수화물 수치를 확인하실 수 있습니다. (e.g 뉴트리코어 크레아틴 , 뉴트리디데이 크레아틴 등) 
=> 이렇게 대응 드리고 추가 질문을 하시는 분들은 정확한 분석 값을 성적서와 이메일로 공유드리고자 합니다.",,,,,,,,,,,,,,,,,,,
성분,모노크레아틴 플러스,"모노크레아틴 플러스 
크레아틴 100%가 아닌 99% 이유","모노크레아틴 플러스 제품의 크레아틴 순도는 99.8%여서 패키지에 99%로 표기하였습니다.

원료 배합비율은 100% 인점 고객님께 안내부탁드립니다~",,,,,,,,,,,,,,,,,,,
크레아틴,모노크레아틴 플러스,(부작용문의) 타제품 복용시 가슴주변의 트러블이 나는데 혹시 동일 사안 문의가 있었는지?,"문의주신 내용의 경우 개인차가 매우 심한 부분이므로 정확한 안내가 어려운 점 미리 양해 부탁 드립니다. 다만 말씀하신 증상을 문의 주신 분들은 매우 적었음을 먼저 말씀드립니다.
피부 트러블의 경우 호르몬의 영향이 매우 큰 부분이며, 말씀하신 타 제품 크레아틴 복용 후 운동을 통한 호르몬 증진이 일어날 시 트러블 현상이 일어나는 것으로 판단됩니다.
익스트림의 크레아틴의 경우 99% 이상의 모노하이드레이트 크레아틴 원료로만 제조된 크레아틴입니다. 
다만, 말씀하신 피부 트러블은 고강도 운동으로 인한 호르몬 상승 및 피지 분비 등의 복합적인 이유가 있기에 저희 제품을 드시고 해당 문제가 없다고 100% 장담하기 어렵습니다.
추천드리는 것은, 소용량(1g~) 크레아틴을 섭취하면서 운동을 진행하시고 경과를 지켜보시는 게 어떠신지 조심스럽게 조언 드립니다.",,,,,,,,,,,,,,,,,,,
밀크씨슬,밀크씨슬 800,실리마린 과다섭취,"세계보건기구에서 말하는 하루권장량은 WHO에서 250-400mg이라고 하였으나 다른 연구결과들은 하루 600mg 실리마린까지 적극섭취하였다는 결과들이 있습니다.
미국에서는 하루 1,000mg의 실리마린까지는 인체에 문제가 되지 않는다는 보고서들도 있습니다. 
익스트림 밀크씨슬800 제품의 하루 섭취량은 3알 기준 밀크씨슬 800mg, 실리마린 400mg 입니다. 
따라서 한 알에 약 133mg의 실리마린이 포함되어 있어 섭취량을 조절하실 수 있습니다.",,,,,,,,,,,,,,,,,,,
밀크씨슬,밀크씨슬 800,실리마린 순도,"저희가 사용하는 밀크씨슬은 프랑스산이며 순도는 50% 입니다.
밀크씨슬 800의 경우 1일 섭취량 기준 밀크씨슬 800mg 혹은 실리마린 400mg 섭취가 가능하시며,
익스트림 밀크씨슬 플러스 상품의 경우 일일기준 밀크씨슬 260mg 혹은 실리마린 130mg 섭취가 가능합니다.",,,,,,,,,,,,,,,,,,,
밀크씨슬,밀크씨슬 800,비타민B 함유량 문의,"익스트림 밀크씨슬 800 제품의 비타민 B(B1,2,6 )군은 부원료로 소량 함유되어 있는 점 참고 부탁드립니다.  (실함유량은1일 섭취량 3정 기준 비타민B1,2,6 : 0.24mg 씩입니다)",,,,,,,,,,,,,,,,,,,
밀크씨슬,밀크씨슬 800,칼슘 함유량 문의,익스트림 밀크씨슬 800 제품의 칼슘 함유량은1일 섭취량 3정 기준 2.4mg 입니다.,,,,,,,,,,,,,,,,,,,
밀크씨슬,밀크씨슬 플러스,하루에 2정씩 섭취해도 무방할까요?,"네, 가능합니다.  

(아래 내용은 추가 문의시 답변해주세요
2정 섭취 시 실리마린 260mg, 비타민B군 3종을 1일영양성분 기준치의 200% 섭취하게 되는데요, 시중에 실리마린 고함량 제품도 많고(ex 자사제품으로는 밀크씨슬 800),  비타민B군은 수용성 비타민이여서 고함량 섭취해도 체외로 배출되어 무방합니다)",,,,,,,,,,,,,,,,,,,
비율 문의,밸런스드 프로틴&류신,"wpi,wpc,isp의 함유비율 문의","ISP 4600 : WPI 1 : WPC 1
비율로 함유 되어있습니다.",,,,,,,,,,,,,,,,,,,
프로틴,밸런스드 프로틴&류신,"상품 내 동봉되어 있는 스푼은 밑에서부터 10,20,30이라고 적혀있는데 
해당 스푼으로 3스쿱을 섭취하게 되면 40g이 넘지 않는건지, 과다 복용하는 것 아닌가요?","문의 주신 스푼 관련 내용의 경우 스푼 앞 쪽에 10 / 20 / 30 표시가 기재 되어 있는데요,
해당 숫자는 스푼에 물을 담았을시에 ""CC""단위를 말하는 것으로 해당 선에 맞춰 물을 담았을 때 몇 CC 인지 알수 있도록 표시 해 놓은 것입니다.
(참고로 스푼자체는 분말/액상용을 가리지 않고 공용으로 사용 되기 때문에 CC단위로 표시를 하고 있습니다.)
분말의 경우는 구성 원료에 따라 부피와 중량 비율이 모두 다르기 때문에 해당 CC표시로 판단하시면 안되며,
별개로 분말을 채워서 어느 정도 중량이 담기는지 확인합니다.
따라서 익스트림 밸런스드 프로틴 류신의 경우 스푼의 눈금선에 맞춰 담으신뒤 약 3스푼이 1회분이 맞습니다.",,,,,,,,,,,,,,,,,,,
프로틴,밸런스드 프로틴&류신,"익스트림 칼슘, 마그네슘 제품 섭취 중 상태 
류신 단백질 플러스 제품과 동시 섭취 가능&꼬막칼슘 마그네슘 제품 1일 섭취 함량 기준에 따른 동시 섭취 가능 여부",두 제품 동시 섭취 가능합니다 :) 다만 공복일 경우 위에 부담을 줄 수 있어 식후섭취를 권장드립니다.,,,,,,,,,,,,,,,,,,,
프로틴,밸런스드 프로틴&류신,섭취 방법 문의,"익스트림 밸런스드 프로틴&류신은 1회 섭취 40g 당 단백질 20g 함량 되어 있습니다. 섭취하시고 싶은 양에 따라 1일 1~2회 섭취 가능하시며, 1회 섭취시  40g(3스쿱)을 300ml 물에 넣어서 섭취 권장 드립니다.",,,,,,,,,,,,,,,,,,,
프로틴,밸런스드 프로틴&류신,초등학생 섭취 가능,"초등학생도 섭취가능합니다.다만, 균형있는 식습관 형성이 중요한 시기이기 때문에 식사와 적절한 운동과 병행하여 섭취하여 주시면 더욱 좋습니다~",,,,,,,,,,,,,,,,,,,
프로틴,밸런스드 프로틴&류신,"운동 전,후 언제 섭취하는게 좋을까요?","운동 전에 섭취 하시는것을 권장 드리나, 식사대용, 개인의 운동 습관에 따라 운동 후 드셔도 가능 합니다.",,,,,,,,,,,,,,,,,,,
프로틴,밸런스드 프로틴&류신,찬물 혼합 잘 되는지 여부,해당 상품 찬물에 잘 혼합되는 상품 입니다~!다만 더욱 편하게 섭취 희망할 경우 익스트림 쉐이커볼을 이용하시면 더욱 편하게 섭취 가능 하십니다.,,,,,,,,,,,,,,,,,,,
프로틴,밸런스드 프로틴&류신,식사대용 가능 여부,"해당 상품 포만감이 목적이라면 식사대용으로 섭취 가능합니다.
다만 개인의 몸 상태에 따라 영양 밸런스를 맞춰 드시는 것을 권장 드립니다. :)",,,,,,,,,,,,,,,,,,,
프로틴,밸런스드 프로틴&류신,분리유단백질 총 함유량,밸런스드 프로틴 류신 단백질 보충제 제품에 분리유단백 함유 되어있지않습니다.,,,,,,,,,,,,,,,,,,,
프로틴,밸런스드 프로틴&류신,가루속에 하얀 알갱이는 무엇인가요?,하얀색 알갱이는 제품 원료로 사용된 류신 원료입니다.,,,,,,,,,,,,,,,,,,,
제품 정보,보틀(물병),트라이탄 소재인지,"트라이탄 소재 아니며 열탕, 뜨거운 음료 보관시 변형이 있을 수 있음",,,,,,,,,,,,,,,,,,,
상품 문의,블랙마카 / 아르기닌,블랙마카 젤리스틱과 알약 / 아르기닌 젤리스틱과 액상 중 각각 어느 것이 좋은지 차이점 문의하십니다.,"블랙마카 젤리스틱 : 젤리스틱 형태로 블랙마카가 1000mg 함유되어있어 간편하게 활력을 챙길 수 있습니다.
블랙마카 1800, 2500(알약) : 블랙마카가 초고함량 함유되어있으며, 활력 시너지 효과를 줄 수 있는 흑마늘, 야관문, 흑삼이 함유되어있어 활력이 더욱 필요하신 분들께 추천드립니다.
아르기닌 6200, 5000 (액상) : 아르기닌이 고함량 함유되어있으며, L-아미노산 5중배합 설계로 흡수율을 높여 활력을 극대화 할 수 있습니다.
아르기닌 젤리스틱 : 아르기닌 섭취가 힘드셨던 분들을 위해 블루베리맛 젤리형태로 간편하게 활력을 챙기실 수 있습니다.

=> 블랙마카 젤리스틱, 아르기닌 젤리스틱 : 간편하게 활력을 챙길 수 있음.
=> 블랙마카 1800, 2500, 아르기닌 6200, 5000 : 고함량 함유되어있으며 시너지 원료 배합으로 활력을 극대화 시킬 수 있는 제품.",,,,,,,,,,,,,,,,,,,
블랙마카,블랙마카 1800,"트리플 아르기닌 6200과 
블랙마카 1800 제품을 같이 섭취해도 되나요?","익스트림 트리플 아르기닌과 익스트림 블랙마카 제품을 같이 복용하실 경우 더 좋은 시너지 효과를 보실 수 있습니다. 
블랙마카1800 제품은 블랙푸드 4중 배합을 통해 활력 개선에 도움을 주며, 아르기닌은 운동 시 부스터 효과를 줄 수 있어 추천 드리는 조합 입니다.",,,,,,,,,,,,,,,,,,,
블랙마카,블랙마카 1800,블랙마카1800 효과는 언제부터 볼수있나요?,"체질 또는 몸상태에 따라 단기간 효과를 느끼는 분들도 계시고 다소 기간이 지난 뒤 효과를 느끼시는 분들이 계시기 때문에 정확한 답변은 어려우나
활력이 서서히 축적되어 몸이 제대로 느끼기까지 최소 3개월 이상 꾸준한 섭취를 권장드립니다.",,,,,,,,,,,,,,,,,,,
블랙마카,블랙마카 1800,권장량의 2배 이상 섭취해도 되나요?,"익스트림 블랙마카 제품은 하루 4정만으로도 충분한 영양섭취가 가능하지만, 
개인의 몸컨디션에 따라 섭취량을 조절하여 복용 하셔도 괜찮습니다.",,,,,,,,,,,,,,,,,,,
블랙마카,블랙마카 1800,블랙마카 아연 함량,"※(*제조사별로 상이함) 한미양행 : 3.6mg / 우리바이오 18,2mg) / 구매고객의 경우 정보 확인 후 출고 된 제품의 제조사 기준으로 안내 필요

익스트림 블랙마카 1800 제품의 아연 함유량은 1일 섭취량 4정 기준으로 3.6mg / 18.2mg 입니다.",,,,,,,,,,,,,,,,,,,
블랙마카,블랙마카 1800,블랙마카 함유량,"익스트림 블랙마카에 함유되어 있는 블랙마카는 4정 기준으로, 젤라틴화 분말 마카 1816mg 함유되어 있으며, 함량률은 49.99%입니다. 
(식약처에서 지정해놓은 양으로 정제 알약 1개당 49.99% 까지 가능)
젤라틴화 분말을 사용하여 체내 흡수율을 높힌 제품으로 피로 회복과 생활 활력 개선에 도움을 줍니다.",,,,,,,,,,,,,,,,,,,
블랙마카,블랙마카 1800,흡연자도 섭취 문의,"1정당 비타민A 2mcg가 함유되어있으며, 1일 섭취량 기준 8mcg 함유되어있습니다.
1일 섭취량 기준 1% 이하로 극소량 함유되어있어 흡연자가 섭취해도 무방합니다.",,,,,,,,,,,,,,,,,,,
블랙마카,블랙마카 1800,함유된 옥수수전분은 GMO인가요?,익스트림 블랙마카 1800 제품에 함유 된 옥수수 전분은 non-GMO로 안심하시고 섭취하셔도 괜찮습니다.,,,,,,,,,,,,,,,,,,,
블랙마카,블랙마카 1800,비타민B 함유량,익스트림 블랙마카의 비타민B 함유량은 4정 섭취 기준 378mcg입니다.,,,,,,,,,,,,,,,,,,,
블랙마카,블랙마카 1800,바이오페린 함량이 궁금해요,"익스트림 블랙마카 1800에 함유된 바이오페린은 1정 당 0.9mg 함유 되었으며, 1일 섭취량 기준 3.6mg 함유 되어 있습니다.",,,,,,,,,,,,,,,,,,,
블랙마카,블랙마카 1800,블랙마카 1800 성분에 대한 배합률 문의,"제품의 정확한 배합비는 내부 정책상 안내가 제한되는 점 양해 부탁드립니다.
다만, 마카는 최대 배합 기준인 49.9%로 고함량 구성되어 있으며,
흑마늘 10%, 야관문 5% 등 주요 부원료들도 기준에 맞춰 적절히 배합되어 있습니다.",,,,,,,,,,,,,,,,,,,
블랙마카,블랙마카 1800,1정당 칼로리 문의,1정당 3.4칼로리,,,,,,,,,,,,,,,,,,,
블랙마카,블랙마카 1800,컷팅 부분이 거칠어요 or 가루가 있어요,"제품 컷팅부분이 거칠다라고 하신것은 정상적인 현상입니다.
가루현상은 코팅을 하더라도 제품이 던져지거나 안에 비닐을 전부 제거하고 가방이나 흔들림이 있는 상태로 충격이 가해지면 가루현상이 일어날 수 있는 점 참고 부탁드립니다.",,,,,,,,,,,,,,,,,,,
성분,블랙마카 1800,녹용추출물분말 함유량,부원료로서 극소량(0.35mg) 함유,,,,,,,,,,,,,,,,,,,
성분 문의,블랙마카 1800,부정맥 고객 / 블랙마카 성분 중 혈압 증감 성분이 있는지 확인 부탁드립니다.,"부정맥 및 혈압에 문제가 있으시면 전문의와 상담 후에 섭취 권장드립니다.
일부 논문에서 혈압에 영향을 주었다는 내용이 있습니다.",,,,,,,,,,,,,,,,,,,
블랙마카,"블랙마카 1800
블랙마카 2500
블랙마카 활력환
블랙마카 800+
블랙마카 젤리스틱",블랙마카 차이점,"1.익스트림 마카 800+
하루 2정만으로 페루산 마카 800mg을 간편하게 섭취할 수 있는 제품입니다. 마카의 흡수율을 높이는 젤라틴화 공법을 적용해 몸에 더 잘 흡수되며, 
바이오페린을 함유해 활력을 더해줍니다. 또한, 7가지 불필요한 첨가물이 없어 안심하고 섭취할 수 있으며, 가성비가 좋아 부담 없이 꾸준히 복용하기에 적합합니다.


2.익스트림 블랙마카 1800
하루 2번, 2정씩 총 4정을 섭취하면 1일 기준 1,816mg의 블랙마카를 섭취할 수 있는 초고함량 제품입니다.
흡수를 돕는 젤라틴화 공법이 적용되었으며, 흑마늘, 야관문, 흑삼까지 추가되어 한 번에 4가지 블랙푸드를 섭취할 수 있습니다. 
여기에 바이오페린과 12가지 부원료까지 더해져 활력을 더욱 효과적으로 채워줍니다.

3.익스트림 블랙마카 1800 벌크형
블랙마카를 대용량으로 섭취하고 싶은 분을 위한 제품으로 하루 3정만 섭취하면 블랙마카 1,871mg을 비롯해 흑마늘, 야관문, 흑삼까지 한 번에 챙길 수 있습니다. 
기존 제품보다 1일 섭취량이 줄어 더 간편하며 3개월 동안 꾸준히 먹을 수 있는 대용량 사이즈로 더욱 실속 있게 즐길 수 있습니다.

4.익스트림 블랙마카 2500
국내 최초로 블랙마카 2,514mg을 한 번에 담은 초고함량 제품으로, 블랙마카뿐만 아니라 흑마늘, 야관문, 흑삼과 아르기닌 20mg까지 추가되어 활력과 에너지를 극대화합니다. 
특히 고강도 운동을 즐기거나 폭발적인 활력을 원하시는 분들께 최적화된 제품으로 하루 2번 2정씩 총 4정을 섭취하면 됩니다.

5.익스트림 블랙마카 젤리스틱
맛있고 간편하게 활력을 채우고 싶은 분을 위한 제품으로 고함량 블랙마카 1,000mg과 익스트림만의 14종 영양 성분을 배합하여 종합적인 건강을 지원합니다. 
체내 흡수율을 높이는 젤라틴화 공법과 활력 증진을 돕는 특허 원료 바이오페린이 포함되어 효과적인 활력 증진을 도와줍니다. 
포도맛 젤리스틱으로 하루 1포만 섭취하면 맛있고 간편하게 활력을 채울 수 있습니다.

🌟활력 충전! 목적별 블랙마카 제품 추천
입문용으로 부담 없이 섭취하고 싶다면 → 익스트림 마카 800+ 
고함량 블랙마카를 원하신다면 → 익스트림 블랙마카 1800
대용량으로 실속 있게 챙기고 싶다면 → 익스트림 블랙마카 1800 벌크형
운동을 즐기거나 초고함량 블랙마카를 찾으신다면 → 익스트림 블랙마카 2500
맛있고 간편하게 활력을 챙기고 싶다면 → 익스트림 블랙마카 젤리스틱",,,,,,,,,,,,,,,,,,,
블랙마카,블랙마카 2500,탄수화물 / 당류 4정당 얼마나 되나요?,"익스트림 블랙마카 2500 1정당 당류 0.16g 탄수화물 0.88g입니다.
따라서 4정 기준으로는 당류 0.64g 탄수화물 3.52g입니다!",,,,,,,,,,,,,,,,,,,
블랙마카,블랙마카 2500,블랙마카 2500 아연 함유량은?,"1정당 1,350mg*0.002= 2.7mg / 4정당 2.7mg*4= 10.8mg",,,,,,,,,,,,,,,,,,,
블랙마카,블랙마카 2500,"비타민D,B의 함유량은?","비타민B와 D는 극소량 함유되어 있어 수치상으로 안내드리기 어려운 점 양해 부탁드립니다.
대신 블랙마카 2500은 블랙마카 2514mg 흑마늘 400mg 야관문 200mg 흑삼 20mg 아르지닌 20mg을 집중적으로 배합하여 활력과 에너지 증진에 초점을 맞췄습니다!",,,,,,,,,,,,,,,,,,,
블랙마카,블랙마카 2500,"블랙마카,해조칼슘 외 전 원료 국산인가요?","전 원료가 모두 국산은 아니고 프랑스산, 독일산, 국산 등 여러 원산지가 섞여있습니다",,,,,,,,,,,,,,,,,,,
성분,블랙마카 2500,1일 섭취량 기준 칼슘 함유량,블랙마카2500 1일 섭취량 기준 해각칼슘 1285mg 함유되어있습니다.,,,,,,,,,,,,,,,,,,,
성분,블랙마카 2500,엽산 함유량문의,"블랙마카 2500의 엽산 함량은 0.0001mg 로 극 소량 포함되어있습니다. 블랙마카 2500의 경우 블랙마카, 흑마늘, 야관문, 흑삼, 아르지닌을 주원료로 활력과 에너지에 포커싱한 제품인 점 참고 부탁드립니다~",,,,,,,,,,,,,,,,,,,
성분,블랙마카 2500,바이오페인 함량,"바이오페린 극소량 함유된 점 안내부탁드립니다, 1정 기준 약 0.1mg 입니다",,,,,,,,,,,,,,,,,,,
보관방법,"블랙마카 정제 제품
더 활력샷
쏘팔메토",최대 몇 도 환경까지 보관이 가능한지?,"블랙마카 제품 - 과립공정시 최대 50도에서까지도 생산진행을 하기때문에 온도만 본다고 하시면 50도까지는 괜찮다고 말씀드릴수있습니다.
다만 습도가 문제인데 최근에 습도가 너무상승해서 온도+습도로 따졌을때는 얘기가 달라집니다.
30~35도 직사광선을 피해 서늘한 곳에 실온보관하시고, 제품 품질유지관리를 위해 40%~55% 습도 유지를 권장드립니다.

더 활력샷, 쏘팔메토 - 약 30도~35도 정도에서 일주일정도라면 유통기한이 임박한 것이 아니라면 크게 제품상에는 문제가 없을것으로 보입니다.
실온보관을 권장하기 때문에 섭취시 제품에 조금이라도 이상이 확인될 시 폐기하는것을 권장드립니다.",,,,,,,,,,,,,,,,,,,
블랙마카,블랙마카 젤리스틱,"블랙마카 젤리스틱 1포 당 1000mg 함유 
1일 섭취량 충족 가능 여부 문의",네 충족 됩니다. 운동을 많이하거나 더욱 활력을 원하시면 하루 1~2포로 점차 양을 늘려주셔도 됩니다.,,,,,,,,,,,,,,,,,,,
블랙마카,블랙마카 활력환,섭취 방법 / 5g 어느정도 인지 문의,"뚜껑의 밑바닥이 안보일정도로 담아서 섭취 / 약 135환 = 5g 
* 활력업 4000은 아워팜이랑 공동개발한 상품으로, 약국에서만 판매 하고 있음 = 교/반품 문의는 구매처로 문의 안내",,,,,,,,,,,,,,,,,,,
비오틴,비오틴 10000,비오틴 외 다른 영양성분이 있는지?,"비오틴 10000제품은 비오틴 단일 제품으로 비오틴 10,000ug 함량 (33,333%) 투입되어 현대인을 위한 맞춤 비오틴으로 설계되어있습니다.
비오틴 외 다른 성분은 없지만 비오틴은 지방, 탄수화물, 단백질 대사와 에너지 생성에 필수적인 영양성분으로 고함량 섭취해주어야 합니다",,,,,,,,,,,,,,,,,,,
비오틴,비오틴 10000,고함량의 비오틴 섭취가 필요한지?,비오틴과 같은 수용성 비타민의 경우 체내에서 흡수되고 남은 잉여 성분은 소변으로 배출시키므로 1일 영양성분 기준치 이상으로 섭취해도 안전합니다.,,,,,,,,,,,,,,,,,,,
비타민,비타민B컴플렉스 700,변색 문의,"비타민B 원료 특성상 온도, 습도에 따라 변색이 발생됩니다.
뚜껑을 잘 닫아 주셔야 위와같은 반점이 덜 생기게 되며 인체에는 무해하게 설계 된 제품으로, 제품에는 이상이 없어 안심 하시고 복용 하셔도 괜찮습니다.",,,,,,,,,,,,,,,,,,,
비타민,비타민B컴플렉스 700,티아민 푸르설,"비타민B1염산염(Vitamin B1 Hydrochloride) 입니다익스트림은 일반 건강기능식품에 등재된 수용성 비타민을 사용했습니다. 
티아민푸르설은 일반의약품같은 비타민으로 식품유형이 다릅니다(ex 임팩타민)",,,,,,,,,,,,,,,,,,,
비타민,비타민B컴플렉스 700,비타민 B12는 활성형인지 문의,비타민B컴플렉스 비타민B12는 비활성형이며 섭취 후 체내 대사를 통해 활성형으로 전환됩니다.,,,,,,,,,,,,,,,,,,,
재질,"쉐이커, 파우더 컨테이너",bpa free 재질인지,bpa free 제품 맞음,,,,,,,,,,,,,,,,,,,
상품 문의,쉐이크,쉐이크 습기가 적고 직사광선을 받지 않는 실온에 보관하시라 안내했는데 여름으로 인한 고온이어도 실온에 보관하냐고 문의하십니다..,"고온의 장소에 보관할 시, 제품이 변질될 수 있으므로 서늘한 실온에 보관부탁드립니다.",,,,,,,,,,,,,,,,,,,
성분 문의,쉐이크,"
원재료 설명엔 식이섬유 , 스테비아, 에리스리톨이 들어가 있는걸로 보이는데
영양성분 기준치엔 탄수화물이 당류만 표기가 되어있어서

다른 카테고리는 기재되지 않아 문의드립니다

식이섬유 스테비아 에리스리톨 함량이 얼마나 되는지 알 수 있을 까요??","곡물맛, 초코맛 모두 에리스리톨은 10%( 한 포당4.5mg) 미만
스테비아는 1%(1포당 0.45 mg) 미만 함유되어있습니다.

식이섬유는 필수 영양성분 표기가 아니라 별도로 성분 분석이 필요한 점 양해부탁드립니다",,,,,,,,,,,,,,,,,,,
성분,슬림핏 단백질 쉐이크,"슬림 단백질 쉐이크 초코맛, 곡물맛 둘 다 들깨가 함유 되어 있는지 확인부탁드립니다.","곡물맛 17곡미숫가루에 들깨성분 함유되어 있으며, 초코맛은 들깨 성분이 직접적으로 함유되어 있지 않지만 곡물맛과 같이 생산시설에서 생산되기 때문에 섭취에 유의 부탁드립니다.",,,,,,,,,,,,,,,,,,,
성분 문의,슬림핏 단백질 쉐이크,단백질 쉐이크에 치커리 식이섬유가 들어간 걸 보았는데 단백질쉐이크 총 탄수화물 말고 순탄수함유량은 얼마인지 알 수 없나요?,"안녕하세요, 온라인 슬림쉐이크 3종 순탄수 함량  전달드립니다. 

- 그레인/초코 : 현재 판매중인 제품 분석 결과
- 녹차 : 2차발주분(리뉴얼) 분석 결과 (올해말~내년초 예상)

* 순탄수 : '순수 탄수화물'의 줄임말로, 체내에 흡수되지 않는 식이섬유, 당알코올을 제외한 탄수화물의 양을 칭함

* 식약처 권고 카페인 하루섭취량 : 성인 400mg 이하, 임산부 300mg 이하, 청소년은 체중kg 당 2.5mg 이하",,,,,,,,,,,,,,,,,,,
성분 문의,슬림핏 단백질 쉐이크,단백질 쉐이크 대두분리단백 성분은 non gmo 인가요? 검증 문서나 문구가 없어서요,non gmo 맞습니다,,,,,,,,,,,,,,,,,,,
성분문의,슬림핏 단백질 쉐이크,단백질 쉐이크 편의점 판매 제품과 온라인 판매 제품은 100% 동일한 성분인가요?,"네 고객님 편의점에서 판매되는 제품과 온라인에서 판매되는 제품은 함량,성분 등이 다소 차이가 있습니다.
온라인에서 판매되는 익스트림 단백질 슬림 쉐이크는 단백질 함량이 20g이고 분리유청단백+분리대두단백으로 제조되지만 
편의점에서 판매되는 제품은 맛에 따라 16~17g의 단백질이 함유되어있으며 분리대두단백으로만 제조됩니다",,,,,,,,,,,,,,,,,,,
제품 차이,슬림핏 단백질 쉐이크,단백질 쉐이크 편의점 판매 제품과 온라인 판매 제품은 100% 동일한 성분인지 문의 인입되어 확인요청드립니다,,,,,,,,,,,,,,,,,,,,
함유 문의,슬림핏 단백질 쉐이크,프로틴파우치 유당이 포함된건가요?,"안녕하세요, 해당 제품 분리원료를 주원료로 사용하여 유당불내증분들도 섭취가 가능하오나
알레르기 유발 물질로 우유가 함유되어있어 예민하신분은 주의해주시기 바랍니다.",,,,,,,,,,,,,,,,,,,
성분,슬림핏 쉐이크 3종,슬림핏 쉐이크 3종 성분 함량,,,,,,,,,,,,,,,,,,,,
성분,슬림핏 쉐이크 3종,"WPI, 수크랄로스,WPI 함량 확인 부탁드립니다","3종 모두 수크랄로스 X , WPI 8g 포함",,,,,,,,,,,,,,,,,,,
성분,슬림핏 쉐이크 곡물맛,"익스트림 식사대용 단백질 다이어트 슬림 쉐이크 곡물맛에 혹시 ""마"" 성분이 있을까요?","그레인 슬림 쉐이크 마 성분 없습니다! 
",익스트림 식사대용 단백질 다이어트 슬림 쉐이크 곡물맛,"익스트림 식사대용 단백질 다이어트 슬림 쉐이크 곡물맛에 혹시 ""마"" 성분이 있을까요?","그레인 슬림 쉐이크 마 성분 없습니다! 
",성분,익스트림 식사대용 단백질 다이어트 슬림 쉐이크 곡물맛,"익스트림 식사대용 단백질 다이어트 슬림 쉐이크 곡물맛에 혹시 ""마"" 성분이 있을까요?","그레인 슬림 쉐이크 마 성분 없습니다! 
",성분,익스트림 식사대용 단백질 다이어트 슬림 쉐이크 곡물맛,"익스트림 식사대용 단백질 다이어트 슬림 쉐이크 곡물맛에 혹시 ""마"" 성분이 있을까요?","그레인 슬림 쉐이크 마 성분 없습니다! 
",성분,익스트림 식사대용 단백질 다이어트 슬림 쉐이크 곡물맛,"익스트림 식사대용 단백질 다이어트 슬림 쉐이크 곡물맛에 혹시 ""마"" 성분이 있을까요?","그레인 슬림 쉐이크 마 성분 없습니다! 
",성분,익스트림 식사대용 단백질 다이어트 슬림 쉐이크 곡물맛,"익스트림 식사대용 단백질 다이어트 슬림 쉐이크 곡물맛에 혹시 ""마"" 성분이 있을까요?","그레인 슬림 쉐이크 마 성분 없습니다! 
"
제품,슬림핏 쉐이크 3종,"세이크를 따뜻하게 먹어도 되나요?

물이나 두유를 떼워서 먹어도 되나요?","우선 쉐이크 내부 크런치가 따뜻한 물에 섞이면 식감이 좋지 않고 맛이 떨어집니다. 또한 포장재가 열에 약하기도 하여 따뜻하게 드시는 건 추천드리지 않습니다.
차게드시는게 어려우실 경우 미지근하게 드시는 것까지 무방하니 참고 부탁드립니다!",,,,,,,,,,,,,,,,,,,
성분,식물성 멜라토닌 함유 릴렉스온,"마그내슘, 비타민과 같은 추가로 들어가능 성분과 용량 알 수 있을까요?","마그네슘과 비타민류는 멜라토닌 메커니즘의 시너지 효과를 위해 배합된 부원료로, 마그네슘은 약 40mg, 비타민류는 소량 함유되어 있는 점 참고 부탁드립니다.",,,,,,,,,,,,,,,,,,,
성분,식물성 오메가3,식물성 오메가3 제품의 오메가3 형태 문의드립니다,"DSM社 ntg 형태 오메가3 입니다. 100% 물만 사용하여 추출, 유기용매 없이 추출하여 임산부나 채식주의자들도 안전하게 섭취 가능합니다",,,,,,,,,,,,,,,,,,,
제품 관련,듀얼 오메가3,"섭취 중 제품이 다 달라붙어 있다고 하는데요. 
혹시 보관방법이 잘못된걸까요?","연질캡슐 특성상 고온다습한 환경일 경우 캡슐이 달라붙을 수 있습니다. 

(저희제품 뿐만 아니라 병으로 된 연질캡슐의 경우 여름철 빈번하게 발생하는 현상이며, 때문에 제품 보관시 주의사항에 아래와 같이 문구 기재하고 있습니다.)",,,,,,,,,,,,,,,,,,,
성분,쏘팔메토 옥타코사놀,1일 섭취량 기준 정확한 함량 문의,"쏘팔메토열매추출물 250mg이 함유되어있으며, 기능성 지표성분인 로르산은 70mg이 함유되어있습니다. 
(*쏘팔메토열매추출물 28% 원료 사용 -> 250mg*28%=70mg)",,,,,,,,,,,,,,,,,,,
쏘팔메토,쏘팔메토 옥타코사놀,여성 복용 가능한지 문의,"익스트림 쏘팔메토 제품은 전립선 건강 관리를 우선으로 지구력 증진, 에너지 대사 및 생성, 항산화 등에 도움이 되는 제품으로 성인 남성에게만 권장하고 있습니다.",,,,,,,,,,,,,,,,,,,
쏘팔메토,쏘팔메토 옥타코사놀,남성 성기능 도움이 되는지 문의,"익스트림 쏘팔메토 옥타코사놀 제품은 전립선 건강 관리를 우선으로 지구력 증진, 잔뇨량 개선, 에너지 대사 및 생성, 항산화 등에 도움이 되는 제품입니다. 
말씀드린 효과와 함께 성기능적으로도 효과를 보고 계시는 분들도 계시지만, 의약품이 아니기 때문에, 관련한 효과를 위해서는 의사와 상담 후 의약품을 복용하시는 것이 가장 확실하십니다.",,,,,,,,,,,,,,,,,,,
쏘팔메토,쏘팔메토 옥타코사놀,복용 시 테스토스테론 증가로 탈모 부작용 발생 가능성,"쏘팔메토 원료가 테스토스테론이 증가되어 잔뇨량이 개선되고 전립선 건강 등에 도움이 되는 원료이지만, 탈모에 대한 부작용은 알려진 내용은 없습니다. 
보통 테스토스테론이 높으면 머리카락이 빠지거나 탈모를 걱정하시지만남성 호르몬이 높다고 해서 탈모가 되지는 않습니다.",,,,,,,,,,,,,,,,,,,
쏘팔메토,쏘팔메토 옥타코사놀,쏘팔메토에서 냄새가 나요,"쏘팔메토의 경우 개인차에 따라 다르게 느껴지실수는 있으나, 고유의 원물 향이 날 수 있습니다! 
제품 특성상 발생되는 냄새이므로 염려하지 마시고 섭취해주셔도 괜찮습니다.",,,,,,,,,,,,,,,,,,,
쏘팔메토,쏘팔메토 옥타코사놀,처음에는 말랑했는데 시간이 지나고 딱딱해졌어요 섭취해도 문제 없나요?,"쏘팔메토는 연질캡슐 공법을 사용하여 제조되었습니다. 
처음에 생산된지 얼마안된 연질캡슐은 말랑하오나 시간이 점차 지남에 따라 캡슐안의 수분이 점차 날라가면서 딱딱해집니다. 
이는 자연스러운 현상이오니 안심하고 섭취해주셔도 괜찮습니다.",,,,,,,,,,,,,,,,,,,
쏘팔메토,쏘팔메토 옥타코사놀,탈모약과 같이 복용 가능한가요?,"탈모약도 의약품으로, 의약품과 혼용시 고객님의 안전을 위해 전문의와 상담 후 복용을 권장드립니다.",,,,,,,,,,,,,,,,,,,
패키지,쏘팔메토 옥타코사놀,1개 포장지에 6정 짜리와 10정 짜리의 차이,"마이크로나이즈드 크레아틴은 아닙니다. 
미분화된 원료는 현재 글로벌 시장에서 일반식품용으로 사용하고 있고, 국내에서는 사용을 잘 안하고 있는 원료라고 합니다.",,,,,,,,,,,,,,,,,,,
부작용,아르기닌 에이드,아르기닌 원료 자체가 간수치에 영향이 있는지?,아르기닌 자체가 간수치에 안 좋은 영향을 준다는 연구결과는 없으며 간수치가 안좋을 경우 아르기닌 뿐 아닌 모든 영양제 섭취를 주의하셔야함,,,,,,,,,,,,,,,,,,,
부작용,아르기닌 제품군,고함량 아르기닌 2주이상 장기복용시 혈관벽이 약해질수 있다는 소리를 들었습니다. 이 제품 3달 꾸준히 복용해도 되는거죠?? 아님 중간에 쉬는 텀을 두고 복용해야하는건지…,"혈관벽이 약해진다는 직접적인 내용은 현재까지 확인되지않았습니다.
아르기닌은 약이 아니기 때문에 휴지기는 없습니다. 꾸준히 복용하시고 이상반응이 없다면 휴지기를 가질 필요는 없습니다.",,,,,,,,,,,,,,,,,,,
아르기닌,아르기닌 젤리스틱,라이신 함량 문의,라이신은 2mg 이하로 극소량 함유되어있습니다.,,,,,,,,,,,,,,,,,,,
아르기닌,아르기닌 젤리스틱,"카르티닌,오르니틴,시트룰린이 없어서 흡수율이 떨어지는거 아닌가요?","아르기닌 젤리는 섭취가 용이하도록 만들어진 제품입니다.
아르기닌은 타 아미노산과의 흡수경쟁에 밀려 흡수율이 떨어지긴 하지만, 아르기닌 젤리 스틱제품은 아르기닌이 5000mg 고함량 함유되어 흡수율에 대한 걱정은 하지 않으셔도 됩니다.
고흡수율을 원하신다면 트리플 아르기닌 섭취를 추천드립니다.",,,,,,,,,,,,,,,,,,,
성분,아르기닌 화이트 3x,"L-카르니틴, 수박과피추출분말, 오르니틴염산염 총 3가지의 함량","아르기닌 화이트 3X 제품은 수박과피추출분말, 오르니틴염산염 원료는 소량 투입하였습니다. 
콜라겐&글루타치온이 고함량으로 함유되어있어 활력과 생기를 동기에 챙길 수 있는 제품인 점 안내부탁드립니다.",,,,,,,,,,,,,,,,,,,
원료사,아르기닌 화이트 3x,콜라겐 원료사가 어디인가요,Amar Aquatic 사의 콜라겐 원료를 사용하며 원산지는 인도산 입니다.,,,,,,,,,,,,,,,,,,,
할랄 인증,아르기닌 화이트 3x,"제품에 함유된 콜라겐 펩타이드, 향료, 혼합제제 등의 성분이 돼지 유래 성분 또는 알코올 성분을 포함하고 있는지 궁금합니다.
저는 할랄(Halal) 식품만 섭취해야 하므로, 모든 성분이 동물 유래가 아닌 경우, 또는 할랄 인증된 경우 알려주시면 감사하겠습니다.","아르기닌 화이트 3X에 함유된 원료 중 현재 HALAL 인증 서류를 보유하고 있지 않은 원료는 아래와 같습니다. 

· L-카르니틴, 베리주스, 시클로덱스트린, 청포도농축액, 비오틴, 맥아추출물, 석류향 ▶ 식물유래 또는 첨가물로 소량 함유 

· 저분자피쉬콜라겐펩타이드 ▶ 100% 생선 유래 
· 글루타치온효모추출물 ▶ 100% 효모 추출 

추가로 본제품은 돼지고기, 닭고기, 쇠고기 등을 사용한 제품과 같은 제조시설에서 제조되었다는 제품 후면 내용 참고하시어 판단 후 섭취해주시면 감사드리겠습니다.",,,,,,,,,,,,,,,,,,,
퍼스트펭귄,에너지 퍼스트 펭귄,매운맛이나 통각주는 성분이 함유되어있을까요?,"보통 매운맛이나 통각은 탄산 때문에 느낄 수 있습니다. 다만, 원료중에 '흑후추추출물'이라는 원료가 있습니다. 
이 원료는 비타민이나 아르기닌 등 영양소 흡수율을 높이는 원료이기 때문에 투입했으나, 약간의 매운맛을 느끼는 맛을 느낄 수 있습니다.
성분상 몸에 해가가는 원료는 아니니 안심하시고 섭취하셔도 괜찮습니다.",,,,,,,,,,,,,,,,,,,
퍼스트펭귄,에너지 퍼스트 펭귄,천연 카페인 인가요?,"해당 제품은 식물에서 추출한 천연 카페인이 함유되어 있습니다! 
그 외 아르기닌,비타민b3,아미노산혼합물,마카,비타민B6,홍삼농축액,판토텐산칼슘,비타민B12,바이오페린 등 필수 성분만 채운 파워 부스터 제품인 점 안내드립니다.",,,,,,,,,,,,,,,,,,,
퍼스트펭귄,에너지 퍼스트 펭귄,카페인 함량이 어떻게 될까요?,"익스트림 에너지드링크 퍼스트펭귄의 경우, 1캔당 120mg의 카페인이 함유되어있습니다. 
일일 카페인 최대 섭취 권고량은 성인 남성 400mg, 성인 여성 300mg, 청소년(체중1kg 당 2.5mg이하)이며,일일 카페인 섭취 권고량 이하로 섭취를 권장하고 있습니다.",,,,,,,,,,,,,,,,,,,
퍼스트펭귄,에너지 퍼스트 펭귄,하루 몇 캔까지 마셔도 괜찮나요?,"일일 카페인 최대 섭취 권고량 성인 남성 400mg, 여성 300mg, 청소년(체중1kg 당 2.5mg이하)입니다.120mg으로 위에 말씀드린 일일 카페인 섭취 권고량이하로 섭취를 권장 드립니다.",,,,,,,,,,,,,,,,,,,
퍼스트펭귄,에너지 퍼스트 펭귄,"콘드로이친 1일 섭취량인 1200mg 중 콘드로이친황산이 90%함유 되어 있나요? 
(1080mg이상 들어 있는지)","안녕하세요, 콘드로이친 제품에 뮤코다당·단백 성분이 1,200mg이 함유되어있으며,
콘드로이친황산염 성분은 약 155mg 함유되어있습니다.",,,,,,,,,,,,,,,,,,,
섭취 문의,에너지 퍼스트 펭귄,에너지 드링크가 탄산이 쎄서 캔을 따면 바로 흘러넘치나요? 캔을 따자마자 음료가 흘러 넘친다는 질문을 하셔서 여쭤봅니다..,"에너지드링크 탄산이 강해 내용물이 흘러넘칠 수 있습니다.
냉장보관 후 개봉하시면 음료가 덜 흘러 넘칩니다.",,,,,,,,,,,,,,,,,,,
성분,에너지젤,카페인이 함유 되어 있는지?,"문의주신 익스트림 액티브 에너지젤 제품에는 앞서 안내드린 것처럼 직접적으로 첨가된 카페인 성분은 포함되어 있지 않습니다.
다만, 1포당 극소량인 0.4mg의 과라나 추출분말이 함유되어 있으며, 과라나는 자연 유래 성분으로 미량의 카페인을 포함하고 있을 수 있습니다.
해당 함량은 일반적으로 인체에 큰 영향을 줄 정도는 아니나, 카페인에 민감하신 분이라면 참고 부탁드립니다.",,,,,,,,,,,,,,,,,,,
성분 문의,에너지드링크,에너지 드링크 맛이 트로피칼 맛이 맞나요? 맛을 문의하십니다.,"네, 트로피칼 맛이 맞습니다.",,,,,,,,,,,,,,,,,,,
에너지,에너지젤,액티브 에너지 젤 단백질 함량 문의,"익스트림 액티브 에너지젤의 아르기닌, BCAA 외의 다른 배합 원료에서 유래될 수 있습니다. 
식품의약품안전처에서 공인된 시험법으로 분석한 결과 단백질 함량 확인하였고 포당 4.7g / 총 내용량당 50g 으로 확인됩니다. 
단순히 아르기닌과 BCAA의 투입량의 합이 단백질 수치가 아니라, 시험 분석 결과에 따른 총 단백질 수치인점 참고 부탁드립니다

*에너지젤 10포:
단백질50g (1포당 5g)
*에너지젤 14포:
단백질 68g (1포당 약 4.7~5g)",,,,,,,,,,,,,,,,,,,
에너지젤,에너지젤,1포당 과라나추출분말 함유량,"1포당 0.4mg 극소량 함유되어 있습니다.
과라나추출분말은 카페인이 함유되어있다보니 지나치게 섭취할 경우 흥분, 수면 장애, 불안감을 유발할 수 있어 극소량으로 투입된 점 참고 부탁드리겠습니다!",,,,,,,,,,,,,,,,,,,
부작용,올인원 뉴트리션 이뮨 데일리팩,이뮨 올인원 팩 유제품 알러지 있으신 분도 섭취 가능한지 여부,"올인원 뉴트리션 이뮨 데일리 팩의 직접접인 알러지 유발 성분은 대두, 고등어, 돼지고기입니다. 
다만, 우유를 사용한 제품과 같은 제조시설에서 제조되기 때문에 심한 정도에 따라 섭취에 유의 부탁드립니다.",,,,,,,,,,,,,,,,,,,
성분,올인원 뉴트리션 이뮨 데일리팩,"오메가3 타입, 공법","데일리팩에 함유된 오메가3는 독일 KD Phartma社로 프리미엄 원료를 사용하였습니다. 
EE형 타입이며, 순도 높은 오메가3를 추출하는 kd-pur 제조 공법을 사용하였습니다.",,,,,,,,,,,,,,,,,,,
크기,올인원 뉴트리션 이뮨 데일리팩,"정제들의 크기, 초등학생도 섭취가능한지","멀티비타민 정제 (백색정제) : 1.2cm , 루테인캡슐(흑갈색 캡슐) : 1.2cm, 오메가3캡슐(연노랑투명캡슐) : 2.2cm 
ㄴ 초등학생도 이뮨 데일리 팩 섭취가 가능하지만 섭취 전에 연령과 아이의 컨디션을 확인하는 것이 중요합니다. 만 9세 이상 초등고학년 부터 알약 형태의 섭취가 가능하오나 저학년의 경우 목넘김이 어려울수 있습니다. 보호자의 지도하에 제품 섭취 권장드리오며, 필요 시 전문의와의 상담을 통해 섭취해주심 됩니다~",,,,,,,,,,,,,,,,,,,
"올인원 포 맨,코엔자임","올인원 포 맨,
코엔자임Q10","지용성 비타민 D,E가 함께 포함된 두 제품을 동시에 섭취해도 과다 복용 우려가 없을까요?","코엔자임Q10, 올인원포맨 제품 모두 비타민D 10ug, 비타민E 11mg a-TE로 1일 섭취량 기준 100%씩 함유되어있습니다.
같이 복용할 시, 1일 섭취량 기준 200%를 섭취하게 됩니다.

비타민D 성인 상한섭취량은 100ug이며, 비타민E 성인 상합섭취량은 540mg a-TE 입니다.

두 제품 동시에 복용해도 무방합니다.",,,,,,,,,,,,,,,,,,,
섭취 문의,올인원 포맨,올인원 포 맨 제품과 블랙마카 제품 혼용 가능 문의하십니다.,"안녕하세요, 2개 제품 혼용 섭취 가능합니다.",,,,,,,,,,,,,,,,,,,
성분,올인원 포맨,엽산 성분이 활성 엽산인지? 합성 엽산인지,합성 엽산이며 DSM社의 스위스 고품질 원료 입니다,,,,,,,,,,,,,,,,,,,
성분,올인원 포맨,베타카로틴 함유되어있는지?,함유되어있지 않음,,,,,,,,,,,,,,,,,,,
성분,올인원 포맨,마그네슘이 킬레이트 형태인지?,"킬레이트 마그네슘은 국내에서 사용 할 수 없는 원료입니다. 
올인원 포 맨 마그네슘은 고품질 원료인 독일산 산화마그네슘을 사용하였습니다.",,,,,,,,,,,,,,,,,,,
올인원 포 맨,올인원 포맨,산화마그네슘인가요?,네 맞습니다. 올인원 포맨에 들어있는 마그네슘은 산화마그네슘 입니다.,,,,,,,,,,,,,,,,,,,
올인원 포 맨,올인원 포맨,EPA DHA 비율 문의,"EPA와 DHA를 3:2 비율로 균형 있게 배합하여 함유되어 있습니다. 
EPA는 혈중 중성지질 개선 및 혈행 개선에 도움 , DHA는 뇌, 신경 조직, 망막 조직의 주요 구성 성분이니 참고 부탁드리겠습니다!",,,,,,,,,,,,,,,,,,,
올인원 포 맨,올인원 포맨,요오드 없는 제품인가요?,"문의주신 익스트림 올인원 포맨의 경우 배합상 요오드 성분은 함유되어 있지 않습니다.
구매 및 섭취시 참고 부탁드리겠습니다!",,,,,,,,,,,,,,,,,,,
올인원 포 맨,올인원 포맨,흡연자 섭취 문의,"흡연자라고 하시면 보통 비타민A 5000IU(1500ugRAE) 이하 섭취 권장을 권장 드리고 있으며,
루테인 성분은 흡연 여부와 무관하게 섭취 가능 합니다.

따라서 익스트림 올인원 포맨 제품은 비타민A가 700ug RAE 함유되어있어 섭취해도 무방합니다.
또한 비타민B6, 비타민B12는 흡연과 직접적인 연관성은 명확하게 밝혀진 바는 없어 안심하시고 섭취하셔도 괜찮습니다.",,,,,,,,,,,,,,,,,,,
올인원 포 맨,올인원 포맨,오메가3의 형태가 r-tg형태인지?,"올인원 포 맨의 오메가3 형태는 EE형태입니다.

프리미엄 원료사 KD파마 원료를 사용하였으며,
ISO품질 및 FOS 인증 받은 안전한 원료인점 참고 부탁드리겠습니다.",,,,,,,,,,,,,,,,,,,
위건강,위건강,왜 식전 복용인가요?,익스트림 위건강은 위 점막 내 헬리코박터균 증식을 억제하고 위 점막을 보호하여 위 건강에 도움을 줄 수 있습니다. 식 전에 복용해서 위 점막을 보호하기 위해 식 전 복용을 권장드립니다.,,,,,,,,,,,,,,,,,,,
위건강,위건강,반으로 나눠 2번 먹어도 되나요?,"익스트림 위건강을 쪼개서 2번 나눠서 복용하셔도 무방합니다. 
하지만, 알약이 정제되면서 단단하니, 손으로 반으로 나누기는 어렵습니다! 알약 커팅기를 이용하시기 바랍니다. 
또한 나눈 후 공기에 노출되면 산패 위험이 있으니, 꼭 당일 내에 복용하시기 바랍니다.",,,,,,,,,,,,,,,,,,,
보관방법,유산균 제품,이미 냉장보관을 해버렸는데 지금이라도 실온 보관할까요?,"최근 기온이 많이 올라가고 습해져, 이미 냉장보관을 하신 상태라면 일정온도가 유지될 수 있도록 냉장보관 하시는걸 추천드립니다.",,,,,,,,,,,,,,,,,,,
성분,이온에너지,"이온에너지 제품 칼륨,칼슘,마그네슘 함량 문의","이온에너지 원료 투입량 공유드립니다. 

- 칼륨 : 32mg 
- 칼슘 : 4.8mg 
- 마그네슘 : 8mg",,,,,,,,,,,,,,,,,,,
성분,익스트림 L글루타민 ZMA 1300mg,L-글루타민 원산지,중국산,,,,,,,,,,,,,,,,,,,
현상문의,익스트림 듀얼 오메가3,"섭취 중 제품이 다 달라붙어 있다고 하는데요. 
혹시 보관방법이 잘못된걸까요?","연질캡슐 특성상 고온다습한 환경일 경우 캡슐이 달라붙을 수 있습니다. 

(저희제품 뿐만 아니라 병으로 된 연질캡슐의 경우 여름철 빈번하게 발생하는 현상이며, 때문에 제품 보관시 주의사항에 아래와 같이 문구 기재하고 있습니다.)",,,,,,,,,,,,,,,,,,,
성분문의,익스트림 식물성 멜라토닌 함유 릴렉스온 2mg 30정 1박스 (1개월분),"마그내슘, 비타민과 같은 추가로 들어가능 성분과 용량 알 수 있을까요?","마그네슘과 비타민류는 멜라토닌 메커니즘의 시너지 효과를 위해 배합된 부원료로, 마그네슘은 약 40mg, 비타민류는 소량 함유되어 있는 점 참고 부탁드립니다.",,,,,,,,,,,,,,,,,,,
성분,익스트림 식사대용 단백질 다이어트 슬림 쉐이크 곡물맛,"익스트림 식사대용 단백질 다이어트 슬림 쉐이크 곡물맛에 혹시 ""마"" 성분이 있을까요?","그레인 슬림 쉐이크 마 성분 없습니다! 
",,,,,,,,,,,,,,,,,,,
성분문의,익스트림 칼마디 칼슘 마그네슘 비타민D 비타민K2 60정,원료배합에 비타민D가 100ug 비타민K 70ug라고 표기되어 있는데 하루권장량 상한선이 아닌가요?,"비타민K 70ug 은 식약처가 정한 1일영양성분 기준치 100%를 만족하는 함량이며, 
비타민D는 100ug(4000IU)은 1,000%에 해당하는 함량입니다. 

비타민D의 1일영양성분 기준치 100%는 10ug(400IU)이지만, 한국인 대부분은 비타민D 결핍 또는 부족한 경우가 많기 때문에 충분한 보충을 통해 건강상 이로움을 챙기실 수 있도록 시중에 비타민D 고함량 제품이 많이 있습니다. (ex 1,000~5,000IU)

비타민D는 칼슘의 흡수 및 이용되는데 도움이 되어 뼈의 형성과 유지에 필요한 필수 영양소이므로 충분한 함량을 통해 뼈건강에 도움받으시길 바랍니다.",,,,,,,,,,,,,,,,,,,
성분문의,익스트림 칼마디 칼슘 마그네슘 비타민D 비타민K2 60정,비타민K2 단독으로 들어가는 게 맞나요?,현재 판매중인 익스트림 꼬막칼슘 마그네슘 비타민D&K 제품의 비타민K는 K2 단독으로만 들어간게 맞습니다~!,,,,,,,,,,,,,,,,,,,
불량여부,전 제품,세이프캡 뚜껑이 안눌러도 열려요,누르지 않은 상태에서도 느리게 돌리면 안열리고 빠르게 돌리면 열림 - 정상,,,,,,,,,,,,,,,,,,,
전 제품,전 제품,도핑 관련 문의,"저희 익스트림은 국가대표 선수들을 공식 후원 중인 브랜드로,
현재도 많은 국가대표 및 프로 선수들이 신뢰하며 꾸준히 섭취하고 있는 제품입니다.
⠀
의약품이 아닌 식약처 기준에 따라 제조된 일반식품이기 때문에
도핑 걱정 없이 안심하고 섭취하실 수 있습니다.
⠀
덧붙여 안내드리자면, 도핑 검사는 의약 성분을 기준으로 이루어지기 때문에,
저희 제품과 같은 건강기능식품 및 일반식품에는
도핑에 해당하는 성분이 법적으로 포함될 수 없습니다. 

항상 안전하고 믿을 수 있는 제품으로 보답하겠습니다.

※익스트림 모노크레아틴 플러스 제품은 반도핑 검증 중 입니다. 도핑 검사를 앞두시거나 관련하여 염려되시는 분들의 경우 구매를 고려하시는 것을 추천드립니다.",,,,,,,,,,,,,,,,,,,
전 제품,전 제품,"제품 차이 문의
(같은 원료 제품군일 경우)
예) 모노크레아틴 플러스와 모노크레아틴 제품은 뭐가 달라요?","안녕하세요 고객님,
지친 현대인의 건강&활력 파트너 익스트림 입니다!

두 제품의 가장 큰 차이는 원산지의 차이라고 봐 주시면 좋을 것 같습니다.
- 익스트림 모노크레아틴 제품은 독일산 Creapure 인증 크레아틴 모노하이드레이트 3,000mg 제품이며,
- 익스트림 모노크레아틴 플러스 제품은 익스트림 모노크레아 단독 개발한 EXTREME MONOCREA 크레아틴 모노하이드레이트 3,000mg 으로 원산지는 중국산 입니다.
따라서 순도100% 독일산 모노하이드레이트 크레아틴 제품을 희망하신다면 익스트림 모노크레아틴 제품을 ,
가성비 좋은 제품 섭취를 희망하신다면 익스트림 모노크레아틴 플러스 제품을 구매 하시면 좋을 것 같습니다",,,,,,,,,,,,,,,,,,,
전 제품,전 제품,"제품 차이 문의
(다른 원료 제품군일 경우)
예) 아르기닌 젤리스틱이랑 에너지젤 제품이랑 뭐가 달라요?","※예시 템플릿)

안녕하세요 고객님!
지친 현대인의 건강&활력 파트너 익스트림 입니다💪🏻

A제품과 B제품 중 어떤 게 더 좋을지 고민이시군요🤔

먼저 두 제품의 차이점을 간략히 설명드리겠습니다!
✔아르기닌 젤리스틱은 고함량 아르기닌(5,000mg)과 단백질(5g)이 함유되어 활력 증진과 영양 보충에 초점을 맞춘 제품이에요!
특히 블랙마카, 야관문, 비타민 8종, 아미노산 10종이 들어 있어 체력 보충과 피로 회복에 도움을 줄 수 있습니다.
✔액티브 에너지 젤은 즉각적인 에너지 공급이 필요한 경우에 적합해요! 팔라티노스(2,500mg), 아르기닌(2,000mg), BCAA(500mg) 등이 함유되어 있어 운동 중·후 빠른 에너지 보충에 도움을 줄 수 있습니다.
마라톤, 등산, 고강도 훈련, 피트니스 등 빠르게 에너지가 필요하신 분들께 추천드려요!

💡 정리하자면,
활력·영양 보충 & 체력 관리 목적이면 → 아르기닌 젤리스틱
운동 중·후 빠른 에너지 보충이 필요하면 → 액티브 에너지젤

따라서 현재 드시고 계신 제품이 체력 관리와 활력 증진이 목적이라면 그대로 섭취하셔도 좋고,
운동 중이나 피로 회복, 집중력 향상을 위해 에너지 부스팅이 필요하시면 액티브 에너지 젤을 한 번 고려해보셔도 좋을 것 같아요💪⚡

추가로 궁금한 사항이 있으시면 언제든 네이버 톡톡 상담 혹은 익스트림 대표번호 ☎ 1544-4265 으로 연락주시면 친절히 안내 드리겠습니다.
오늘도 익스트림과 함께 활력 가득한 하루 되시길 바라겠습니다❣감사합니다 : )",,,,,,,,,,,,,,,,,,,
오메가,초임계 r-TG 오메가3 1200,EPA 기능 문의,"익스트림 초임계 rTG오메가3 1200 제품은 혈중 지질 개선 혈행개선 기억력, 건조한 눈건강에 도움을 주는 건강기능식품으로 
보통 EPA는 염증을 줄이고 심혈관 혈행 개선을 도와주며 DHA는 뇌, 신경조직, 망막구성성분으로 알려져있습니다. EPA가 혈행 개선을 통해 염증(지질개선등) 역할을 하는 점 참고 부탁드립니다!",,,,,,,,,,,,,,,,,,,
오메가,초임계 r-TG 오메가3 1200,epa / dha 함유량 문의,"1캡슐 기준, EPA 89mg, DHA 511mg 함유",,,,,,,,,,,,,,,,,,,
오메가,초임계 r-TG 오메가3 1200,알티지 오메가가 무엇인가요?,알티지 오메가는 자연 상태와 유사한 지방분자구조로 오메가3 지방산의 체내흡수율을 높이고 순도를 높인 형태입니다..,,,,,,,,,,,,,,,,,,,
오메가,초임계 r-TG 오메가3 1200,초임계 공법이 무엇인지?,익스트림 알티지 오메가3는 저온 초임계 추출을 통해 높은 순도와 높은 생체이용률이 특징인 제품입니다.,,,,,,,,,,,,,,,,,,,
오메가,초임계 r-TG 오메가3 1200,오메가3의 순도는 몇%인지?,익스트림 알타지 오메가3 제품의 오메가 3의 순도는 70%입니다.,,,,,,,,,,,,,,,,,,,
오메가,초임계 r-TG 오메가3 1200,건강하게 생활하는 정상 체중인데도 먹어야 할까요?,"식생활 조절만으로는 혈중중성지질, 혈행 개선이 부족할 수 있기 때문에 오메가3를 섭취하는 것이 좋습니다.",,,,,,,,,,,,,,,,,,,
오메가,초임계 r-TG 오메가3 1200,나이 많은 사람이 먹는게 좋은가요?,서구화된 식생활로 기름진 음식 섭취가 늘어났기 때문에 남녀노소 누구나 혈행 관리를 위해 드시면 좋습니다.,,,,,,,,,,,,,,,,,,,
오메가,초임계 r-TG 오메가3 1200,비린내가 심하진 않을까요?,오메가3 1200 제품은 비린내를 최소화하기 위하여 오렌지오일을 첨가하였습니다.,,,,,,,,,,,,,,,,,,,
오메가,초임계 r-TG 오메가3 1200,"가격이 부담돼서 복용량을 반으로 줄였는데, 효과가 없을까요?","익스트림 알티지 오메가3 제품은 2정 기준 오메가 1200mg 꾸준한 섭취를 권장드리고 있습니다. 복용량을 줄이실 경우 효과가 없는 건 아니지만, 효과가 반감될 수 있습니다.",,,,,,,,,,,,,,,,,,,
오메가,초임계 r-TG 오메가3 1200,칼마디와 같이 섭취 가능한가요?,"오메가3 1200 비타민D 50ug = 2000IU / 칼마디 100ug = 4000IU
합 비타민D 6000IU 입니다.
비타민D를 처음 섭취하거나 6개월이상 따로 섭취 안하신분은
매일 4000~6000IU 섭취하는 것을 권장드리고, 6개월~12개월동안 섭취하는 것을 권장드립니다.*추가 비타민D 고용량 섭취에 부담을 느끼신다면 비타민D가 함유되어있지 않은 '듀얼 오메가3'를 권해드립니다.",,,,,,,,,,,,,,,,,,,
성분,초임계 r-tg 오메가3 900,순도가 75%라던데 함량으로 계산해보면 70%도 안되는거 같습니다. 정말 75%가 맞는 지 문의입니다.,"1캡슐 중량 1,300mg 
ㄴ 오메가3 92.3077% 투입 = 1,300mg*0.923077 = 1,200mg
ㄴ 오메가3 순도 75% = 1,200mg*0.75 = 900mg",,,,,,,,,,,,,,,,,,,
오메가,초임계 r-tg 오메가3 900,"소비톨액, 땅콩오일, 팜유가 왜 함유되어있는지 및 암 환자가 섭취해도 괜찮은지 문의","캡슐에 D-소비톨액 / 비타민A에 땅콩오일 포함되어있고 팜유는 없습니다. 

특정질환이신 경우에는 섭취 전에 전문의(의사/약사)와 충분한 상담 후 섭취해주실것을 권장드립니다",,,,,,,,,,,,,,,,,,,
오메가,초임계 r-tg 오메가3 플러스,식물성인가요? 동물성인가요?,오메가3는 정제어유라 동물성,,,,,,,,,,,,,,,,,,,
오메가,초임계 r-tg 오메가3 플러스,오메가3 플러스 다른제품을 받았어요,"초임계 r-TG 오메가3 플러스 제품은 기존에 1일 1회 2정 섭취하는 60캡슐 제품이 맞으나, 
고객님들의 편의를 위해 1일 1회 1정 섭취로 리뉴얼되었습니다. 
현재는 30캡슐 제품으로만 출고되고 있으며, 상품명 수정이 아직 완료되지 않아 혼란을 드린 점 양해 부탁드립니다. 
해당 제품은 리뉴얼 전 제품으로 교환이 어려운 점 양해 부탁드리며, 제품 회수 후 반품 처리 도와드리겠습니다.",,,,,,,,,,,,,,,,,,,
콘드로이친,콘드로이친뮤코다당백,msm 함유량,뮤코다당백 콘드로이친이 들어있는 제품으로 MSM은 소량 함유되어 수치로 안내드리기 어려운 점 너른 양해 부탁드리겠습니다.,,,,,,,,,,,,,,,,,,,
마그네슘,트리플 마그네슘,"오전,오후 중 언제 섭취하는게 좋을까요?","마그네슘은 근육을 이완하고 숙면을 돕기 때문에 저녁에 복용하면 좋으며, 위산이 분비되야 마그네슘 흡수가 잘 되기 때문에 식후 30분 이내에 먹는 것이 좋습니다. 
따라서 아침,저녁 중 섭취를 고민중이시라면 저녁 식후 30분 이후 복용하는 것을 권장드립니다.",,,,,,,,,,,,,,,,,,,
마그네슘,트리플 마그네슘,어린이 섭취,마그네슘은 아이부터 어른까지 꼭 필요한 무기질이므로 정제를 섭취 하실 수 있는 남녀노소 모두 섭취가 가능합니다.,,,,,,,,,,,,,,,,,,,
마그네슘,트리플 마그네슘,중학생 섭취,"남성(15-18세) 마그네슘 권장섭취량 410mg
여성(15-18세) 마그네숨 권장섭취량 340mg
으로 섭취가능한 점 안내부탁드립니다, 식사 후 섭취 권장드리며, 섭취 후 복통이나 설사 발생할 경우 복용중단 권장드립니다.",,,,,,,,,,,,,,,,,,,
마그네슘,트리플 마그네슘,고령자 섭취,"남성(75세이상)은 마그네슘 권장섭취량은 370mg이고, 그 이상 섭취해도 수용성 영양소이기때문에 몸에서 사용하고 남으면 소변으로 배출되어 안심하시고 섭취하셔도 괜찮습니다.",,,,,,,,,,,,,,,,,,,
마그네슘,트리플 마그네슘,"산화마그네슘, 젖산 마그네슘, 글루콘산 마그네슘의 마그네슘 총량에 대한 각각의 퍼센테이지(%)","문의주신 트리플 마그네슘에 함유된 마그네슘 원료 중 산화마그네슘이 95% 이상이며,그 외 글루콘산 마그네슘과 젖산 마그네슘은 약 5% 미만 함유되어 있습니다.

마그네슘 함량 : 400mg
ㄴ 산화 마그네슘 : 394mg (98.5%)
ㄴ 글루콘산 마그네슘 2mg (0.5%)
ㄴ 젖산 마그네슘 : 4mg (1%)",,,,,,,,,,,,,,,,,,,
부작용,트리플 마그네슘,"설사 유발'등 혹 있을 수 있는 부작용을 알고 싶습니다. 보통 7~10일 정도 복용해보면 알 수도 있겠지만.. 
혹시라도 부작용이 날 경우 이틀에 한 번씩 복용해도 될까요?
제가 종아리가 땡김,묵직한 현상이 좀 생깁니다.제일 좋고 싼 것 같아 꾸준히 복용 요량으로 문의 드립니다.",고함량(하루 권장섭취량 보다 많은 양 )섭취하게 되는 경우에는 설사 등의 이상사례가 생길수 있습니다. 하루에 1정 권장량에 맞춰서 섭취해주시면 되는데 개인의 상황과 컨디션에 따라서 이틀에 한번씩 번갈아 드시는것도 좋습니다~,,,,,,,,,,,,,,,,,,,
성분,트리플 마그네슘,"1. 1일 섭취량 기준 당 함량 
2. 당뇨 약과 함께 섭취가능한지?","1일 섭취량(1정) 당 탄수화물 함량은 0g입니다. (0.5g 미만일 경우 0으로 표시 가능) 당류는 탄수화물 내에 포함되는 항목이므로 극소량 함유되어있다고 말씀드릴 수 있습니다. 
다만, 본 제품은 마그네슘이 400mg 함유되어있는 고함량 제품으로 일부 당뇨약물과 상호작용이 있을 수 있어 고객님의 상태와 처방받으신 약을 가장 잘 아는 주치의와 상담 후 섭취하는 것을 권장드립니다.",,,,,,,,,,,,,,,,,,,
성분,트리플 마그네슘,트리플 마그네슘 1일 권장섭취량 기준 칼슘 함량 문의,"안녕하세요, 트리플 마그네슘 내의 유청칼슘은 부원료로 극소량 함유되어있는 점 참고 부탁드립니다. (0.05mg 이하여서 굳이 오픈하지 않는 것이 좋을 듯 합니다)",,,,,,,,,,,,,,,,,,,
상품 문의,트리플 아르기닌 6200,신장이 안좋은 사람이 먹기에 신장에 무리가 갈 수 도 있나요?,신장 기능이 저하된 상태이거나 통풍 환자는 아르기닌 섭취에 주의해야합니다.,,,,,,,,,,,,,,,,,,,
섭취 문의,트리플 아르기닌 6200,청소년(만 15세) 섭취 가능한지 문의하십니다.,"청소년기에는 활동량이 많아 3~6g 섭취를 권장드립니다.
트리플 아르기닌 6200은 아르기닌 약 6g이 함유되어있어 섭취가 가능합니다.
섭취 후, 설사 및 복통 증상이 있으시다면 함량이 조금 더 낮은 트리플 아르기닌 5000을 추천드립니다.",,,,,,,,,,,,,,,,,,,
성분,트리플 아르기닌 6200,비타민A 함유량 및 이소티논과 함께 섭취해도 되는지?,"트리플 아르기닌 6200 제품에 비타민A 약 0.05mg로 극소량 함유되어있습니다.
이소티논과 함께 섭취해도 무방하오나, 걱정되시면 비타민이 함유되어있지 않은 트리플 아르기닌 5000을 추천드립니다~",,,,,,,,,,,,,,,,,,,
성분,트리플 아르기닌 6200 / 트리플 아르기닌 5000,라이신 성분 여부,라이신 함유 x,,,,,,,,,,,,,,,,,,,
성분,트리플 아르기닌 6200,엽산 함유량문의,"트리플 아르기닌 6200의 엽산은 부원료로 소량 함유되어 있습니다. 
본 제품은 체내흡수와 활력을 극대화 할 수 있는 L-아미노산이 5중 (아르기닌, 오르니틴, 카르니틴, 수박과피추출분말(시트룰린), 아스파트산) 배합된 제품인 점 참고 부탁드립니다",,,,,,,,,,,,,,,,,,,
성분 문의,트리플 아르기닌 6200,"트리플 아르기닌 6200 제품

익스트림 아르기닌 6200 제품은 기존 제품과 다른가요?
원래 제품은 수박과피추출물 50mg가 들었는데 이 제품은 수박 추출물 250mg로 나오네요.

수박과피추출물은 안들은 제품인가요?
수박추출물과 비교 부탁드립니다.","네고왕 아르기닌 6200 14포와 현재 온라인에서 판매중인 아르기닌6200은 동일한 상품이 맞습니다.
입수량만 다를뿐 성분은 모두 동일합니다. 
수박추출물 원료의 세부 명칭은 
*수박추출물(수박과피추출물 20%, 덱스트린 80%) 입니다 
따라서, 수박추출물 250mg =수박과피추출물 50mg 이고 이는 표기하는 방식만 다를 뿐
같은 성분이 포함된 것이 맞습니다",,,,,,,,,,,,,,,,,,,
성분 문의,트리플 아르기닌 6200,아르기닌 6200제품 맥아추출물이 얼마정도 함유되어 있나요?,맥아추출물 약 36mg 함유되어있습니다.,,,,,,,,,,,,,,,,,,,
아르기닌,트리플 아르기닌 6200,물에 희석하여 섭취해도 괜찮나요?,"익스트림 트리플 아르기닌 제품은 아르기닌 특유의 비린 맛을 잡기 위하여 4종 베리혼합농축액, 복분자딸기과즙분말, 석류농축분말을 배합하였기 때문에 부담없이 드실 수 있습니다. 
포째로 복용 하시거나 취향에 따라 물과 함께 희석하여 복용하셔도 좋습니다.",,,,,,,,,,,,,,,,,,,
아르기닌,트리플 아르기닌 6200,단백질 함유 여부 문의,"익스트림 트리플 아르기닌 6200 제품은 5가지 아미노산이(아르기닌, 카르니틴, 오르니틴, 시트룰린, 아스파트산) 포함되어있는 제품입니다. 
해당 원료들은 아미노산이기에 단백질이 영양성분으로 잡혀있으며, 1포당 약 6.5g의 단백질을 포함하고 있습니다.",,,,,,,,,,,,,,,,,,,
아르기닌,트리플 아르기닌 6200,자유형 아르기닌 인가요?,"익스트림 트리플 아르기닌 6200 제품은 자유형 아르기닌이 맞습니다! 나머지는 일반의약품(HCL)으로 건강식품으로 판매는 어려운 원료이며, 
저희는 부원료(카르니틴, 오르니틴, 시트룰린, 아스파트산)로 흡수율을 극대화하고, 아미노산 경쟁으로 흡수가 떨어지기 쉬운 아르기닌을 고함량으로 투입하여 제품의 퀄리티를 높였습니다.",,,,,,,,,,,,,,,,,,,
아르기닌,트리플 아르기닌 6200,타우린 함유량 문의,"익스트림 트리플 아르기닌 6200 제픔은 아르기닌, 오르니틴, 카르니틴, 시트룰린(수박과피), 아스파트산에 집중된 제품으로 타우린은 포함되어 있지 않습니다.",,,,,,,,,,,,,,,,,,,
아르기닌,트리플 아르기닌 6200,신배합 / 구배합 구분 방법,"로트번호 24070 이후로 신배합
신배합 제품이 조금 더 맛이 마일드해짐",,,,,,,,,,,,,,,,,,,
아르기닌,트리플 아르기닌 6200,이전과 다르게 맛이 연해졌어요,"개인차에 따라 다르게 느끼실수도 있고 보관방법에 따라서 미세하게 맛이 다를수도 있습니다. 아르기닌 원료 자체가 수분을 흡수하는 성질이 있기 때문에 
습한 환경에 보관하면 맛이 더 올라오고 강하게 느껴질수도 있습니다. 따라서 아르기닌은 직사광선을 피해 서늘한 곳에 보관하시는게 더 좋습니다~!

로트번호 24070 이후로 신배합

>> 신배합 제품이 조금 더 맛이 마일드해짐",,,,,,,,,,,,,,,,,,,
제품 비교 문의,트리플 아르기닌 6200,"해군 GS편의점(PX개념이라고함)에서 판매중인 익스트림 트리플 아르기닌 6200 제품과 
온라인에서 판매중인 제품과 패키지도 차이가 나고 
간혹 할인 및 2+1행사 같은걸 진행하는데 온라인 제품과 동일한 제품이 맞는지, 다르다면 어떤 점이 다른지 문의","해당 제품은 최근 리뉴얼 버전으로 온라인 제품과 주원료, 부원료 함량 동일합니다.

- 주원료 : L-아르기닌 6,200mg
- 부원료 : L-카르니틴 100mg, 오르니틴 100mg, L-아스파트산 100mg, 수박과피추출물 50mg

온라인 제품과 제조사가 달라 영양성분(칼로리 등)은 조금 다를 수 있는 점 안내부탁드립니다!

이 외에 기타 원료 정도의 차이일뿐 주원료/부원료는 동일합니다. 

(온라인) 아연, 엽산, 셀렌, 아미노산, 비타민, 당근,석류, 복분자딸기 
(오프라인) 아연, 엽산, 셀렌, 아미노산, 퀴노아배아발아분말, 석류, 복분자액기스, 타우린",,,,,,,,,,,,,,,,,,,
패키지,트리플 아르기닌 6200,1박스 기준 박스포함 무게,828.5g,,,,,,,,,,,,,,,,,,,
함유 문의,트리플 아르기닌 6200,"제품 성분 중 향료1, 향료2가 정확히 어떤 성분인지 문의하십니다.",천연라즈베리향 / 블루베리향,,,,,,,,,,,,,,,,,,,
성분 문의,팻버닝,1회 섭취시 크레아틴 함유량,"크레아틴이 극소량 함유되어있습니다. 1회 섭취시, 약 0.02mg 섭취가능합니다",,,,,,,,,,,,,,,,,,,
팻버닝,팻버닝,크레아틴 함유량이 어떻게 되나요?,익스트림 팻 버닝의 크레아틴은 소량 함유되어 있습니다. (참고) 1회 섭취량 기준 0.02mg입니다.,,,,,,,,,,,,,,,,,,,
팻버닝,팻버닝,L-카르니틴 함유량 궁금해요,익스트림 팻 버닝의 L-카르니틴은 소량 함유되어있습니다. (참고) 1회 섭취량 기준 0.02mg입니다.,,,,,,,,,,,,,,,,,,,
팻버닝,팻버닝,카페인 함유량이 궁금해요,"익스트림 팻 버닝 제품에는 과라나추출물 등의 직접적인 카페인 함량에 큰 영향을 주는 원료는 포함되어 있지 않으나 녹차에서 추출된 성분인 카테킨이 함유되어 있으며, 
카테킨은 소량의 카페인을 함유하고 있습니다.시험성적서 상 정확한 함량은 본 팻 버닝 제품 1kg당 905mg 이하의 카페인으로, 
1일 카테킨 섭취량 400mg(0.0004kg) 기준 매우 극소량의 카페인이 함유되어 있다는 점 참고 부탁드립니다.",,,,,,,,,,,,,,,,,,,
팻버닝,팻버닝,카테킨 성분이 궁금해요,"녹차에서 추출될 '카테킨' 성분이 함유된 체중 감량에 도움을 줄 수 있는 건강기능식품이며 카테킨의 원료 특성은 다음과 같습니다.
카테킨은 식물에 들어있는 플라보노이드 계열의 폴리페놀 화합물 일종으로, 녹차를 마실 때 나는 떫은맛의 주성분이다. 항산화 작용을 통해 유해 산소로부터 세포를 보호하고 세포의 노화를 방지한다.
이 밖에도 카테킨은 지방 흡수 억제 및 지방산 생성을 방해하고, 혈중 콜레스테롤 감소 기능을 하는데, 식품의약품안전처에서 인정하는 카테킨의 기능성은 아래와 같다.
1. 항산화에 도움을 줄 수 있음2. 체지방 감소에 도움을 줄 수 있음3. 혈중 콜레스테롤 개선에 도움을 줄 수 있음",,,,,,,,,,,,,,,,,,,
팻버닝,팻버닝,"가르시니아,잔티젠 성분과 같이 섭취 가능?","건강기능식품으로 같이 드셔도 무방하며, 부작용 실례는 없는 상황입니다.",,,,,,,,,,,,,,,,,,,
팻버닝,팻버닝,크레아틴 함유량,"익스트림 팻버닝 제품은 녹차추출물을 주원료로 항산화, 콜레스테롤, 체지방 감소에 도움을 주는 제품입니다. 크레아틴은 소량 함유되어 수치로 안내드리기 어려운 점 너른 양해 부탁드리겠습니다.",,,,,,,,,,,,,,,,,,,
함량,퍼스트펭귄 에너지드링크,1캔당 바이오페린 함량,바이오페린은 특허원료로서 흑후추의 피페린을 통해 에너지를 내주는 원료로서 알려져있습니다. 다만 맛이 강하기 때문에 배합은 극소량 첨가된 점 참고 부탁드립니다,,,,,,,,,,,,,,,,,,,
포터블 파우더 컨테이너,포터블 파우더 컨테이너,제품 용량 문의,150ml 내용량,,,,,,,,,,,,,,,,,,,
유산균,프로바이오틱스,여성 섭취 가능한가요?,"여성분들도 섭취가 가능합니다. 익스트림 프로바이오틱스 제품은 식약처로부터 인증을 받은 국내 최초 운동수행능력 향상에 도움을 줄 수 있는 개별인정형 기능성 원료가 사용 되었습니다.
또한 하루 1캡슐 당 투입균수가 아닌 생균 101억을 보장하며, 프로바이오틱스의 먹이가 되는 프리바이오틱스(부원료)가 함께 배합되어 장내 유익균 증식 및 유산균 활성에 도움을 줄 수 있습니다.
아침 공복에 1캡슐 간편하게 복용하실 수 있는 제품으로 여성분들에게도 정말 추천 드리고 있는 제품입니다.",,,,,,,,,,,,,,,,,,,
유산균,프로바이오틱스,보장균주 문의,"익스트림 프로바이오틱스 제품에는 TWK10(개별인정형원료) : 500억이상 투입 , HN019(고시형원료) : 10억이상 투입 되어 있어 총 합 510억 이상 투입 되었습니다!",,,,,,,,,,,,,,,,,,,
유산균,프로바이오틱스,장용성코팅,"프로바이오틱스 제품은 장용성코팅은 되어있지 않고, 소화가 잘되는 식물성 캡슐입니다.",,,,,,,,,,,,,,,,,,,
유산균,프로바이오틱스,하루 2정 섭취 문의,"하루 1정 섭취를 권장드리나 2정이상 섭취하셔도 괜찮습니다.
다만 2정 섭취시 부작용으로 복통 및 설사를 유발할 수 있으니 필요하신 경우엔 섭취량을 조절하시면 될 것 같습니다.

[추가 첨언 필요시 참고하여 응대]
첨언 드리면 실제로 개인마다 장에 서식하는 미생물 총량이 다르기 때문에 추가 섭취는 문제가 없습니다. 
쉽게 말하자면, 개인마다 장에 가지고있는 미생물의 총량이 다르기 때문에 다소 효과를 보는 사람과 보지못하는 사람들이 있을 수 있습니다. 
따라서 현재 보장균수 100억을 권장섭취하는데 2~300억도 좋아보입니다.

*참고) 타사 제품으로써는 저희와 다른 균주로 보장균수 1000억 짜리 제품도 있는점 참고 부탁드립니다.",,,,,,,,,,,,,,,,,,,
유산균,프로바이오틱스,유당 함유 여부 문의,프로바이오틱스 제품에는 유당이 함유되어있지 않습니다,,,,,,,,,,,,,,,,,,,
보관방법,하이드로 밀크씨슬 바나바,냉장보관 가능한가요?,"보관방법에 실온(1~30°C) 으로 적혀있어 냉장보관(4~5°C)안내드릴 수 있습니다. 얼지 않도록 유의 부탁드리며, 섭취전 충분히 흔드신 후 섭취 권장드립니다.",,,,,,,,,,,,,,,,,,,
성분 문의,하이드로 밀크씨슬 바나바,비타민 b군 함량 문의,"비타민B1, B2, B6 각각 0.2mg씩 함유되어있습니다.",,,,,,,,,,,,,,,,,,,
제품 추천,-,하지정맥류에 도움되는 제품,"코엔자임Q10, 오메가3, 루테인지아잔틴, 칼마디 추천드립니다 !",,,,,,,,,,,,,,,,,,,
스펙,스포츠 테이프(헬스 테이프),총 길이,"3cm 제품은 총 길이 3m 이며
5cm 제품은 4m 입니다",,,,,,,,,,,,,,,,,,,
성분,팻버닝,EGCG 함량,"팻 버닝 2정 섭취 기준 에피갈로카테킨갈레이트(EGCG) 약 260mg 함유되어있습니다. 
식약처에서는 EGCG의 일일섭취량을 300mg 이하로 제한하여 관리하고 있습니다.
즉 팻버닝 제품은 300mg 이하로 걱정없이 섭취 가능합니다.",,,,,,,,,,,,,,,,,,,